-- MariaDB dump 10.17  Distrib 10.4.15-MariaDB, for Linux (x86_64)
--
-- Host: mysql.hostinger.ro    Database: u574849695_25
-- ------------------------------------------------------
-- Server version	10.4.15-MariaDB-cll-lve


/* Используя сервис http://filldb.info или другой по вашему желанию, сгенерировать тестовые данные для всех таблиц, используя vk-data.sql, учитывая логику связей. Для всех таблиц, где это имеет смысл, создать не менее 100 строк. Для media_types создать ровно 4 строки. Загрузить тестовые данные. Приложить к отчёту полученный дамп с данными. */

DROP DATABASE IF EXISTS filldb;

CREATE DATABASE filldb;


USE filldb;

-- SHOW Tables;

/*!40101 SET @OLD_CHARACTER_SET_CLIENT=@@CHARACTER_SET_CLIENT */;
/*!40101 SET @OLD_CHARACTER_SET_RESULTS=@@CHARACTER_SET_RESULTS */;
/*!40101 SET @OLD_COLLATION_CONNECTION=@@COLLATION_CONNECTION */;
/*!40101 SET NAMES utf8mb4 */;
/*!40103 SET @OLD_TIME_ZONE=@@TIME_ZONE */;
/*!40103 SET TIME_ZONE='+00:00' */;
/*!40014 SET @OLD_UNIQUE_CHECKS=@@UNIQUE_CHECKS, UNIQUE_CHECKS=0 */;
/*!40014 SET @OLD_FOREIGN_KEY_CHECKS=@@FOREIGN_KEY_CHECKS, FOREIGN_KEY_CHECKS=0 */;
/*!40101 SET @OLD_SQL_MODE=@@SQL_MODE, SQL_MODE='NO_AUTO_VALUE_ON_ZERO' */;
/*!40111 SET @OLD_SQL_NOTES=@@SQL_NOTES, SQL_NOTES=0 */;

--
-- Table structure for table `communities`
--

DROP TABLE IF EXISTS `communities`;
/*!40101 SET @saved_cs_client     = @@character_set_client */;
/*!40101 SET character_set_client = utf8 */;
CREATE TABLE `communities` (
  `id` bigint(20) unsigned NOT NULL AUTO_INCREMENT,
  `name` varchar(145) COLLATE utf8mb4_unicode_ci NOT NULL,
  `description` varchar(245) COLLATE utf8mb4_unicode_ci DEFAULT NULL,
  `admin_id` bigint(20) unsigned NOT NULL,
  PRIMARY KEY (`id`),
  KEY `fk_communities_users_admin_idx` (`admin_id`),
  CONSTRAINT `fk_communities_users` FOREIGN KEY (`admin_id`) REFERENCES `users` (`id`)
) ENGINE=InnoDB AUTO_INCREMENT=101 DEFAULT CHARSET=utf8mb4 COLLATE=utf8mb4_unicode_ci;
/*!40101 SET character_set_client = @saved_cs_client */;

--
-- Dumping data for table `communities`
--

LOCK TABLES `communities` WRITE;
/*!40000 ALTER TABLE `communities` DISABLE KEYS */;
INSERT INTO `communities` VALUES (1,'voluptatem','Quibusdam sed suscipit rerum ut. Aspernatur quia suscipit repudiandae quia soluta atque. Ipsum consequuntur adipisci earum. Reprehenderit consequatur non natus et quis aut et voluptas. Eum impedit vero impedit quae.',1),(2,'iure','Perferendis et nulla non laudantium unde voluptatum. Optio natus assumenda accusamus asperiores id voluptate. Placeat quod laudantium sed eos fuga.',2),(3,'dicta','Et qui totam quaerat voluptas. Eum sapiente at corrupti tempore quia rem sit. Architecto harum fuga fuga sequi est.',3),(4,'magnam','Voluptatem quo esse voluptas cupiditate nam et. Voluptatem in quia sint quia omnis doloribus minus. Velit rerum fuga nam nobis ad.',4),(5,'ut','Perspiciatis assumenda occaecati cupiditate fuga expedita et excepturi. Mollitia quod consequatur molestias. Aut occaecati ex similique. Sint quia commodi velit possimus.',5),(6,'est','Quo ipsum at id ab. Omnis dolor odio distinctio dignissimos est neque unde velit. Inventore illum esse pariatur accusantium voluptate eum deleniti.',6),(7,'delectus','Facere molestiae ex amet sequi reiciendis. Molestiae earum voluptas eos neque aut nam. Totam id incidunt at aut ducimus dolorem magni vel. Ut mollitia non debitis omnis nulla quidem.',7),(8,'totam','Cumque beatae consequatur optio aut consequatur. Nesciunt labore labore suscipit ut ea.',8),(9,'illo','Ducimus distinctio quis amet ut consequuntur est. Deserunt atque vitae magni placeat quasi. Incidunt aut quas iste optio.',9),(10,'iste','Ut dolorem dolores aspernatur quos quisquam laudantium. Aspernatur tenetur dolorem harum incidunt.',10),(11,'aspernatur','Error qui delectus reiciendis sed. Quia ipsa nulla sunt doloribus cum accusamus excepturi. Nam iure iusto dolores laudantium quia sint voluptas.',11),(12,'quia','Consectetur dolores recusandae omnis et voluptate ipsam. Voluptates sed numquam dolores est rerum deserunt distinctio. Aperiam voluptas est est iste quia adipisci id ducimus.',12),(13,'eum','Dolorem optio quae voluptatem harum blanditiis. Esse rerum excepturi ut velit. Reprehenderit voluptatem perspiciatis ipsum quia molestias. Ullam possimus molestiae nihil et voluptatibus consequatur.',13),(14,'omnis','Voluptatem rerum ullam aut dolor et facilis voluptas. Et temporibus molestiae quos impedit qui dolore. Maxime facere dolorem fugiat quidem ullam debitis.',14),(15,'iste','Explicabo nihil occaecati molestiae est repudiandae voluptatum. Minima architecto tenetur iusto est fugit pariatur. Ipsam ipsum repellat sunt hic inventore. Eos voluptatum dolores facere voluptatibus officiis.',15),(16,'assumenda','Rerum doloribus eveniet perferendis consequatur. At ut deleniti voluptatem. Placeat tempore in et blanditiis velit ad iusto. Rerum aut nam fugiat provident voluptatem voluptatem modi magnam.',16),(17,'repellendus','Minima totam rerum neque eligendi. Sint iusto ea tempora eos ex magni esse aliquid. Sed doloremque magnam quod commodi expedita quis tenetur. Officiis nisi voluptatem est ut voluptatem itaque.',17),(18,'voluptas','Et quasi esse rerum suscipit unde sit. Dignissimos exercitationem pariatur voluptatem et exercitationem voluptatem cupiditate. Vel quod nostrum aut quod ut.',18),(19,'a','Animi est facilis ut blanditiis voluptatem maxime officiis omnis. Rerum iure est praesentium nesciunt qui molestiae. Ea consequatur quas quidem porro dicta. Suscipit id modi corrupti ipsam.',19),(20,'sunt','Tempore at mollitia et libero et consequatur. Itaque inventore enim sapiente sapiente enim harum. Odio qui ducimus esse a rerum tempore est. Praesentium architecto excepturi eaque harum eum doloribus.',20),(21,'dolorem','Facere in ipsum libero quisquam. Necessitatibus fugiat alias totam quaerat numquam consequatur. Ut rem esse doloribus ratione sunt. Accusamus voluptatem corporis corrupti numquam.',21),(22,'qui','Praesentium dolor debitis voluptas tempore voluptatem vel. Aliquid quae provident nemo nihil voluptas et sint minus. Nemo quos doloribus reiciendis velit.',22),(23,'aspernatur','Fugit consectetur perspiciatis non quam quibusdam. Dolores amet tempora placeat vero qui est quos exercitationem. Voluptatem quia veritatis laborum corporis et ab.',23),(24,'quibusdam','Assumenda eos rem quia dolorem velit sequi sequi. Eos voluptates a fugit cumque. Explicabo excepturi qui dolor libero libero nihil. Dolore sit dignissimos ducimus eaque recusandae quia.',24),(25,'veritatis','Similique suscipit id sit. Omnis ut at sit. Aut aspernatur quos necessitatibus aperiam rerum rem.',25),(26,'ut','Et quia hic ut autem. Culpa iure recusandae voluptas explicabo ea aspernatur. Omnis delectus est harum. Fugit veritatis et assumenda optio eius.',26),(27,'consequatur','Voluptatum exercitationem ut vitae delectus qui non. Doloribus aut est fugiat laudantium quis ratione. Quibusdam labore quia est delectus. Optio quaerat sint consequuntur commodi voluptatem eius est.',27),(28,'id','Et qui quis et consequatur aliquam. Voluptas et sunt et. Nihil debitis tempora aut asperiores dolores corporis.',28),(29,'quia','Quas doloribus praesentium sapiente nisi eos ab. Facilis illo eos eum voluptas doloribus aut aut. Consequatur dolor quidem sequi non qui et. Omnis omnis aspernatur perspiciatis nulla amet culpa.',29),(30,'nihil','Maiores vel ut cupiditate officiis eos unde doloribus et. Et fuga similique delectus modi impedit error. Ullam voluptates exercitationem ut maiores.',30),(31,'harum','Sit aspernatur ut id voluptates. Enim recusandae qui in ad pariatur iure aliquam non. Dolorem quis dolor possimus. Sint et deleniti voluptatem ipsum ut quia quia voluptas.',31),(32,'et','Fugit laborum rerum nemo et dolores dignissimos. Facilis sed ut maxime ea a quasi dolorem non. Quis nulla ut id.',32),(33,'ea','Accusantium vitae consequuntur culpa cum. At voluptates excepturi cum eligendi consequuntur. Odit ipsa quis laborum officiis inventore harum quis. Accusantium voluptates enim eligendi earum eius perferendis.',33),(34,'dolor','Earum non a perspiciatis dolorem vel. Asperiores ut et et. Accusamus eaque voluptatum eveniet qui voluptatem.',34),(35,'enim','Dolores id rerum perspiciatis laboriosam qui accusamus non. Unde quia aut consequatur qui. Dolorem aut debitis sint nulla voluptates ullam ducimus. Iure architecto non rerum qui minima unde facilis. Ut ad maiores ut maiores cupiditate quis fugia',35),(36,'tenetur','Ratione in magnam vitae libero non aperiam et veniam. Vitae quo temporibus non aperiam.',36),(37,'optio','Qui temporibus voluptatem cum earum vel dolorum. Vitae eligendi architecto totam deserunt. Aspernatur accusamus veritatis cupiditate dolores optio temporibus. Consectetur excepturi voluptatum laborum nihil a cum.',37),(38,'fugit','Sapiente qui a nesciunt modi. Minus quos est aperiam dolorem omnis impedit. Praesentium eveniet ipsa odio nostrum fugit at.',38),(39,'eos','Et facere voluptatibus iste illo itaque voluptate. Occaecati repellat et commodi voluptatibus libero et. Neque dolores rerum est voluptatum. Ut adipisci incidunt cupiditate officia sit omnis facere. Qui voluptas illo eligendi et reprehenderit ul',39),(40,'et','Voluptas id libero saepe aut qui quia praesentium. Soluta eos et voluptatem assumenda perspiciatis. Iure exercitationem nemo sed natus nostrum quibusdam.',40),(41,'et','Voluptate expedita repudiandae itaque ad. Laudantium voluptatem velit quis delectus et modi. Nulla esse nostrum blanditiis.',41),(42,'maxime','Repellendus maiores nostrum omnis sapiente quos ex quis qui. Eum quaerat deleniti et iusto molestiae numquam nam. Dolores et rem necessitatibus atque sint eos placeat.',42),(43,'mollitia','Optio tempore assumenda nobis et mollitia ut. Saepe eum neque voluptates atque corrupti ut non. Quia reprehenderit facilis sequi libero ut harum maiores. Suscipit reiciendis praesentium veniam magni odit qui delectus.',43),(44,'quam','Consequatur delectus assumenda voluptates suscipit iure. Nostrum autem voluptatem cupiditate sed quaerat quibusdam impedit. Quam non dolor cupiditate fuga aperiam modi. Rerum sunt et nam temporibus eos ullam.',44),(45,'quo','Et eveniet nihil ut eum voluptas tenetur eum. Voluptatem dolores consequatur placeat nam et. Ea qui minima totam et est accusantium. Aut commodi quod voluptatibus tenetur et sed praesentium repellendus.',45),(46,'quidem','Id aut quam dolores sit. Accusamus illum similique laboriosam sunt sapiente expedita consequatur iure. At et iusto assumenda consequatur repellat facilis id. Quos quidem at odio fugiat.',46),(47,'sit','A natus qui enim sit. Quo officia magni nisi iusto similique eaque. Optio cupiditate praesentium aut nemo dolore doloribus.',47),(48,'iusto','Debitis aut quae omnis magni sint voluptatem pariatur. Libero quibusdam sint molestias dolor ullam a ipsa. Occaecati magnam quis delectus et quibusdam.',48),(49,'provident','Nam expedita ipsam magnam exercitationem blanditiis. Facere aut aliquam assumenda. Fugiat et vero exercitationem sit fuga. Facilis quod exercitationem nobis molestias quos molestiae et.',49),(50,'aut','Quia et sint velit qui dolorem. Et ipsum hic qui officiis hic. Sed odio ut neque tempore ut.',50),(51,'vel','Eligendi dicta cumque blanditiis ab. Harum ipsam tenetur ut quae debitis voluptas. Sunt ut totam eveniet explicabo vero.',51),(52,'autem','Suscipit inventore quia voluptates ipsa ab deleniti odit. Minima est rem commodi. Reprehenderit ut perspiciatis similique praesentium. Alias et quam quia aliquid unde aut et.',52),(53,'ut','Enim ut laborum eligendi quis pariatur illo. Voluptatem dolor sed sunt illum et pariatur aliquid. Quae nulla soluta ipsa aut.',53),(54,'nihil','Ipsam mollitia aspernatur quaerat facere hic aut ut. Et in amet quia sint sint. Et possimus praesentium distinctio doloribus.',54),(55,'expedita','Voluptatem non quasi corrupti esse et reprehenderit. Sit omnis tempora et doloremque repudiandae. Omnis rerum sed facilis reiciendis ut. Esse explicabo aut quis maxime nemo natus.',55),(56,'recusandae','Sit ut suscipit ipsum ratione consectetur eum sequi. Nesciunt ut in eveniet sed id quia maiores.',56),(57,'veritatis','Voluptatem animi minima et quidem et perferendis ut fugit. Sunt modi quos ad quis. Deleniti sapiente tempore labore est natus.',57),(58,'autem','Sed optio a odit asperiores vero quia. Corrupti sunt cum distinctio recusandae voluptas animi qui. Accusamus saepe eum doloribus ut dolorem.',58),(59,'eum','Sunt tempore ducimus quasi veritatis qui. Dolorum eos deserunt est aliquid dolore possimus. Cum facere voluptatum odit amet incidunt accusantium sit voluptas. Itaque tempora qui voluptatum eius.',59),(60,'hic','Ullam sed sit neque nihil. Nostrum unde aperiam quam esse nulla perferendis dicta.',60),(61,'voluptate','Voluptatem aspernatur expedita cum autem et incidunt nulla. Suscipit est veritatis sint non. Odio sed soluta illum perspiciatis sequi repellendus debitis. Recusandae voluptatum alias in ipsa impedit unde velit.',61),(62,'maiores','Quis incidunt cum consequatur qui voluptatem. Iure explicabo cumque sit necessitatibus voluptatem placeat quis.',62),(63,'rerum','Fugiat cumque rerum optio qui repellendus quidem recusandae. Saepe beatae qui autem voluptatem. Eum rem quia quae et.',63),(64,'officiis','Tenetur molestias consequuntur delectus ipsam tenetur. Tenetur magnam at et. Omnis temporibus dicta id praesentium accusantium aperiam repudiandae.',64),(65,'qui','Eum nostrum quaerat ipsum tenetur error reiciendis. Vitae beatae vitae consectetur explicabo. Quidem numquam vitae alias minus. Dolor laudantium et voluptatem debitis sit accusantium quasi.',65),(66,'amet','Labore illo nobis ex qui. Rerum incidunt eaque fugiat nemo consequatur. Exercitationem veniam eveniet nihil est doloremque nesciunt eligendi. Qui aperiam vitae et corporis.',66),(67,'corrupti','Alias laborum ut eos aliquid minima. Esse perferendis voluptatem optio architecto ut sint fuga et. Quo quod enim consequatur maiores.',67),(68,'molestiae','Rem laudantium similique et est pariatur dolor consequuntur unde. In ipsam incidunt harum culpa et vitae. Ratione quae cupiditate odit minus et.',68),(69,'facilis','Unde qui tempora quo recusandae. Est qui sunt quia suscipit omnis atque. Fugiat sunt sint labore quod quas temporibus dolorem.',69),(70,'ipsa','Ducimus necessitatibus possimus rerum dolores illo cumque qui. Deleniti nihil officiis accusantium in. Officia rerum architecto nisi in odit harum vel. Non delectus quia vel. Qui eum dolorem adipisci.',70),(71,'velit','Dolores nam aliquid laboriosam dicta enim. Omnis non enim ea sed. Autem perferendis expedita quis quibusdam repellat vitae.',71),(72,'illum','Officia labore ullam harum ullam saepe sit soluta. Soluta ipsa fugiat est deleniti explicabo. Amet minima quidem voluptate quae nisi. Qui omnis ratione itaque.',72),(73,'ea','Expedita quia ullam accusamus expedita tenetur voluptas ut nostrum. Non mollitia tempore cum. Ducimus dolor ut aut modi est odit consequuntur.',73),(74,'sit','Dolore ipsum rerum reprehenderit. Et id exercitationem facilis et aut error. Iusto voluptas et et dolor recusandae. Et omnis molestias minima sed perspiciatis.',74),(75,'molestias','Aut qui veniam ipsa vel veritatis dolores exercitationem iure. Nam assumenda consequatur ut saepe. Aut consectetur velit numquam soluta. Autem rem molestias qui aut doloribus ad fuga.',75),(76,'qui','Laborum excepturi iure sit et aut cupiditate. Asperiores ipsum aut qui sint cupiditate vitae quas. Non possimus reprehenderit provident aliquam est aut impedit. Est in repudiandae beatae corporis quaerat explicabo nisi.',76),(77,'autem','Quidem qui vitae quibusdam quis. Ratione autem ut et enim dolores. Corporis debitis ut et. Minima veritatis quidem consequatur libero officiis.',77),(78,'doloribus','Nemo rem blanditiis accusamus possimus ut. Sint repellat distinctio placeat facere ab ullam. Vel sed nemo autem consequuntur voluptatibus. Dolore ducimus iusto non ab.',78),(79,'et','Voluptate odit aspernatur aliquam similique nesciunt et cupiditate. Maiores voluptatem eum autem minus incidunt dolor architecto consectetur. Repellat aut eos exercitationem. Eos hic id amet soluta eligendi.',79),(80,'et','Dolor voluptas non tenetur reprehenderit. Ea aut voluptas velit veritatis sunt repudiandae. Est et animi sed quaerat beatae cum omnis. Harum doloribus neque molestias corrupti velit et.',80),(81,'impedit','Possimus vel vero laboriosam qui blanditiis in. Nihil commodi id id magnam quis. Amet officia repellendus magnam mollitia fuga. Et rerum illum cupiditate dolor.',81),(82,'et','Consequatur qui reprehenderit asperiores aut. Fugit voluptatem minus accusamus accusantium iusto eum. Est incidunt sit perspiciatis eius.',82),(83,'laborum','Nam aliquam eveniet sunt dolores consequuntur. Sint id neque nihil vitae voluptate sint dolor. Quos sint rem illum est necessitatibus. Consequatur autem excepturi commodi magni id et.',83),(84,'eveniet','Fugit laudantium quo magni vitae omnis. Reiciendis temporibus quam quis quis et et dolorem. Molestias et in maxime voluptatibus consequatur voluptate. Magni laborum dicta velit nostrum.',84),(85,'enim','Nulla ut omnis molestias modi delectus animi. Distinctio id non labore tempora ut. Dolores quod accusamus nemo hic.',85),(86,'ad','Qui quos consequatur eos quis est alias. Illum deleniti minima enim iure totam et. Et debitis omnis laudantium ipsum ut sed harum molestiae.',86),(87,'doloribus','Nihil optio doloribus culpa beatae omnis molestias facilis. Ipsam et veritatis iste consequatur eos. Aliquam et distinctio beatae aliquam.',87),(88,'ut','Labore similique blanditiis aut perspiciatis labore blanditiis est in. Dolorem quos facere dolore. Voluptatem adipisci in recusandae dignissimos.',88),(89,'quod','Amet tenetur et dolor dolore. Voluptatem sint adipisci qui labore voluptas deleniti. Voluptatum alias ullam velit qui.',89),(90,'et','Nemo in illo omnis sunt error in. In et explicabo non dolores velit laborum. Sit at dolorem id ad.',90),(91,'dignissimos','Est ea est qui eum enim dolore. Dolor veniam consequatur ut incidunt iusto et. Voluptas et tempore odit soluta vitae neque.',91),(92,'neque','Culpa magni corrupti repellendus nostrum ut. Vel perferendis aspernatur excepturi voluptates. Harum ut cum quis debitis quaerat voluptatem quibusdam. Mollitia quo non consequuntur nisi suscipit quos.',92),(93,'omnis','Quaerat qui quis optio incidunt quasi temporibus omnis. Porro natus quasi nulla qui eveniet earum consectetur.',93),(94,'est','Placeat inventore officiis laudantium quasi aut. Eum est est minus. Quod similique quos dignissimos deserunt est tempora. Est inventore excepturi et aliquid molestiae. Quam dolorem et quibusdam deleniti.',94),(95,'quia','Distinctio architecto laborum suscipit vel. Nemo rerum et sed quia. Voluptatem sit culpa sunt voluptates sequi rem consequatur. Iure ipsa perferendis velit sunt.',95),(96,'totam','Nulla qui ea ab. Quia laborum et quos cupiditate fugiat. Sint nihil et et voluptas nobis autem.',96),(97,'rem','Mollitia voluptatum sunt architecto nulla. Assumenda autem modi odio id delectus quas maiores. Fugiat harum sunt aut. Velit in et rerum aut.',97),(98,'vel','Dolor neque iste commodi dolorem. Assumenda consequatur quia modi rerum sequi. Omnis ut ea labore voluptatibus odio iste qui.',98),(99,'sequi','Rerum dolorem in dolor quia. Voluptas facilis voluptatum cupiditate sit autem. Placeat quia reiciendis natus adipisci reiciendis harum et. Excepturi dolorem laudantium enim et repellat culpa.',99),(100,'ipsa','Optio sunt eaque est quas. Odio nihil dolor temporibus molestiae consequatur est debitis.',100);
/*!40000 ALTER TABLE `communities` ENABLE KEYS */;
UNLOCK TABLES;

--
-- Table structure for table `communities_users`
--

DROP TABLE IF EXISTS `communities_users`;
/*!40101 SET @saved_cs_client     = @@character_set_client */;
/*!40101 SET character_set_client = utf8 */;
CREATE TABLE `communities_users` (
  `community_id` bigint(20) unsigned NOT NULL,
  `user_id` bigint(20) unsigned NOT NULL,
  `created_at` datetime NOT NULL DEFAULT current_timestamp(),
  PRIMARY KEY (`community_id`,`user_id`),
  KEY `communities_users_comm_idx` (`community_id`),
  KEY `communities_users_users_idx` (`user_id`),
  CONSTRAINT `fk_communities_users_comm` FOREIGN KEY (`community_id`) REFERENCES `communities` (`id`),
  CONSTRAINT `fk_communities_users_users` FOREIGN KEY (`user_id`) REFERENCES `users` (`id`)
) ENGINE=InnoDB DEFAULT CHARSET=utf8mb4 COLLATE=utf8mb4_unicode_ci;
/*!40101 SET character_set_client = @saved_cs_client */;

--
-- Dumping data for table `communities_users`
--

LOCK TABLES `communities_users` WRITE;
/*!40000 ALTER TABLE `communities_users` DISABLE KEYS */;
INSERT INTO `communities_users` VALUES (1,1,'2013-01-18 10:51:10'),(2,2,'2014-07-07 20:54:21'),(3,3,'2017-10-08 21:35:12'),(4,4,'2009-08-23 12:26:20'),(5,5,'2006-07-13 09:14:09'),(6,6,'2008-08-28 21:29:28'),(7,7,'2016-12-28 00:14:57'),(8,8,'2008-08-08 00:19:33'),(9,9,'2004-05-16 02:18:03'),(10,10,'2012-03-09 05:42:15'),(11,11,'2008-08-16 18:36:56'),(12,12,'2011-08-18 11:08:42'),(13,13,'2014-06-11 11:15:15'),(14,14,'2005-09-13 19:29:36'),(15,15,'2009-05-22 03:01:56'),(16,16,'2005-08-15 01:57:35'),(17,17,'2088-06-25 18:05:13'),(18,18,'2013-05-12 22:12:21'),(19,19,'2087-12-18 06:03:08'),(20,20,'2019-11-12 03:36:22'),(21,21,'2006-08-04 02:03:16'),(22,22,'2010-12-17 14:50:27'),(23,23,'2008-04-07 06:53:28'),(24,24,'2018-05-13 10:32:42'),(25,25,'2011-12-07 23:20:25'),(26,26,'2007-08-14 02:40:00'),(27,27,'2006-02-14 01:03:57'),(28,28,'2017-11-22 11:17:06'),(29,29,'2007-12-07 15:21:03'),(30,30,'2010-06-24 13:27:04'),(31,31,'2007-04-08 16:23:28'),(32,32,'2020-10-26 09:39:29'),(33,33,'2013-09-27 13:30:06'),(34,34,'2015-08-03 18:58:50'),(35,35,'2016-11-08 08:53:15'),(36,36,'2011-05-30 16:31:42'),(37,37,'2016-03-19 08:50:18'),(38,38,'2012-02-27 19:11:18'),(39,39,'2012-02-10 11:52:08'),(40,40,'2008-12-19 20:25:01'),(41,41,'2016-04-28 14:25:58'),(42,42,'2007-12-17 01:03:52'),(43,43,'2011-11-04 05:43:01'),(44,44,'2016-11-28 11:28:58'),(45,45,'2009-02-08 13:25:00'),(46,46,'2008-08-11 05:06:13'),(47,47,'2019-06-28 18:00:06'),(48,48,'2005-08-12 21:18:50'),(49,49,'2012-07-08 18:30:33'),(50,50,'2010-02-28 06:25:02'),(51,51,'2010-12-25 18:28:11'),(52,52,'2015-04-13 10:11:57'),(53,53,'2013-06-15 19:58:09'),(54,54,'2007-10-09 04:21:34'),(55,55,'2014-11-01 21:06:50'),(56,56,'2007-07-01 05:30:57'),(57,57,'2014-08-09 06:33:14'),(58,58,'2005-01-14 04:24:45'),(59,59,'2016-03-06 06:01:40'),(60,60,'2016-05-06 06:21:54'),(61,61,'2020-04-26 17:10:04'),(62,62,'2006-01-02 20:26:57'),(63,63,'2012-02-02 15:55:50'),(64,64,'2019-02-05 15:10:31'),(65,65,'2014-03-07 18:34:51'),(66,66,'2011-07-08 15:01:14'),(67,67,'2012-07-31 18:30:36'),(68,68,'2017-02-04 23:56:14'),(69,69,'2018-03-28 14:47:05'),(70,70,'2013-07-18 12:57:48'),(71,71,'2017-07-14 19:12:22'),(72,72,'2012-08-25 05:08:32'),(73,73,'2007-07-11 22:55:07'),(74,74,'2007-11-01 09:04:39'),(75,75,'2012-01-13 19:01:00'),(76,76,'2006-10-19 22:32:12'),(77,77,'2005-03-31 08:49:31'),(78,78,'2019-07-28 07:03:41'),(79,79,'2013-06-06 07:36:42'),(80,80,'2006-05-27 11:26:35'),(81,81,'2008-12-29 22:06:27'),(82,82,'2006-09-24 04:59:36'),(83,83,'2015-10-01 03:50:23'),(84,84,'2007-05-28 21:15:15'),(85,85,'2013-02-13 09:40:54'),(86,86,'2015-12-25 23:36:15'),(87,87,'2020-05-25 02:23:27'),(88,88,'2020-04-24 20:57:31'),(89,89,'2008-06-20 09:52:36'),(90,90,'2006-11-06 02:25:25'),(91,91,'2005-08-03 03:58:52'),(92,92,'2012-07-17 09:25:00'),(93,93,'2006-03-30 07:16:20'),(94,94,'2007-03-02 08:24:10'),(95,95,'2009-09-01 18:30:36'),(96,96,'2055-11-12 06:07:00'),(97,97,'2011-10-21 12:46:23'),(98,98,'2005-09-20 14:11:06'),(99,99,'2015-04-10 17:33:01'),(100,100,'2008-02-25 03:51:03');
/*!40000 ALTER TABLE `communities_users` ENABLE KEYS */;
UNLOCK TABLES;

--
-- Table structure for table `friend_requests`
--

DROP TABLE IF EXISTS `friend_requests`;
/*!40101 SET @saved_cs_client     = @@character_set_client */;
/*!40101 SET character_set_client = utf8 */;
CREATE TABLE `friend_requests` (
  `from_user_id` bigint(20) unsigned NOT NULL,
  `to_user_id` bigint(20) unsigned NOT NULL,
  `accepted` tinyint(1) DEFAULT 0,
  PRIMARY KEY (`from_user_id`,`to_user_id`),
  KEY `fk_friend_requests_from_user_idx` (`from_user_id`),
  KEY `fk_friend_requests_to_user_idx` (`to_user_id`),
  CONSTRAINT `fk_friend_requests_users_1` FOREIGN KEY (`from_user_id`) REFERENCES `users` (`id`),
  CONSTRAINT `fk_friend_requests_users_2` FOREIGN KEY (`to_user_id`) REFERENCES `users` (`id`)
) ENGINE=InnoDB DEFAULT CHARSET=utf8mb4 COLLATE=utf8mb4_unicode_ci;
/*!40101 SET character_set_client = @saved_cs_client */;

--
-- Dumping data for table `friend_requests`
--

LOCK TABLES `friend_requests` WRITE;
/*!40000 ALTER TABLE `friend_requests` DISABLE KEYS */;
INSERT INTO `friend_requests` VALUES (1,2,1),(2,1,0),(3,4,0),(4,3,1),(5,6,0),(6,5,0),(7,8,0),(8,7,1),(9,10,1),(10,9,0),(11,12,0),(12,11,1),(13,14,1),(14,13,1),(15,16,0),(16,15,0),(17,18,0),(18,17,1),(19,18,1),(20,21,0),(21,20,1),(22,23,1),(23,22,1),(24,25,0),(25,24,1),(26,27,1),(27,26,1),(28,29,0),(29,28,1),(30,31,0),(31,30,0),(32,33,0),(33,32,1),(34,35,1),(35,34,1),(36,37,0),(37,36,0),(38,39,0),(39,38,0),(40,41,1),(41,40,1),(42,43,0),(43,42,0),(44,45,1),(45,44,0),(46,47,0),(47,46,0),(48,49,0),(49,48,1),(50,51,1),(51,50,0),(52,53,1),(53,52,0),(54,55,1),(55,54,1),(56,57,1),(57,56,1),(58,59,1),(59,58,1),(60,61,0),(61,60,0),(62,63,0),(63,62,0),(64,65,0),(65,64,1),(66,67,1),(67,66,1),(68,67,0),(69,70,1),(70,69,0),(71,72,1),(72,71,0),(73,74,0),(74,73,0),(75,76,1),(76,75,0),(77,78,0),(78,77,1),(79,80,1),(80,79,1),(81,82,1),(82,81,1),(83,84,1),(84,83,1),(85,86,0),(86,85,1),(87,88,1),(88,87,1),(89,90,1),(90,89,0),(91,92,1),(92,91,1),(93,94,0),(94,93,0),(95,96,1),(96,95,1),(97,98,1),(98,97,0),(99,100,0),(100,99,1);
/*!40000 ALTER TABLE `friend_requests` ENABLE KEYS */;
UNLOCK TABLES;

--
-- Table structure for table `media`
--

DROP TABLE IF EXISTS `media`;
/*!40101 SET @saved_cs_client     = @@character_set_client */;
/*!40101 SET character_set_client = utf8 */;
CREATE TABLE `media` (
  `id` bigint(20) unsigned NOT NULL AUTO_INCREMENT,
  `user_id` bigint(20) unsigned NOT NULL,
  `media_types_id` int(10) unsigned NOT NULL,
  `file_name` varchar(245) COLLATE utf8mb4_unicode_ci DEFAULT NULL COMMENT '/files/folder/img.png',
  `file_size` bigint(20) DEFAULT NULL,
  `created_at` datetime NOT NULL DEFAULT current_timestamp(),
  PRIMARY KEY (`id`),
  KEY `fk_media_users_idx` (`user_id`),
  KEY `fk_media_media_types` (`media_types_id`),
  CONSTRAINT `fk_media_media_types` FOREIGN KEY (`media_types_id`) REFERENCES `media_types` (`id`),
  CONSTRAINT `fk_media_users` FOREIGN KEY (`user_id`) REFERENCES `users` (`id`)
) ENGINE=InnoDB AUTO_INCREMENT=101 DEFAULT CHARSET=utf8mb4 COLLATE=utf8mb4_unicode_ci;
/*!40101 SET character_set_client = @saved_cs_client */;

--
-- Dumping data for table `media`
--

LOCK TABLES `media` WRITE;
/*!40000 ALTER TABLE `media` DISABLE KEYS */;
INSERT INTO `media` VALUES (1,1,1,'voluptatum',4,'2006-06-10 05:18:01'),(2,2,2,'est',1,'2005-02-10 12:40:40'),(3,3,3,'vel',7,'2008-08-24 20:24:17'),(4,4,4,'voluptas',50,'2019-03-01 20:53:48'),(5,5,5,'temporibus',416,'2010-05-24 23:15:46'),(6,6,6,'quas',557229,'2015-11-29 03:49:18'),(7,7,7,'dolorem',2204515,'2011-03-15 09:55:45'),(8,8,8,'rerum',5,'2011-05-22 14:26:28'),(9,9,9,'recusandae',67313,'2005-12-29 19:05:04'),(10,10,10,'et',3825921,'2009-01-27 06:17:49'),(11,11,11,'placeat',42,'2014-08-15 23:51:25'),(12,12,12,'vel',17,'2015-12-29 04:44:59'),(13,13,13,'nesciunt',591612764,'2015-12-29 19:37:42'),(14,14,14,'fugiat',59010,'2018-10-09 07:09:52'),(15,15,15,'consequatur',380,'2016-07-01 18:32:22'),(16,16,16,'expedita',4437545,'2007-07-30 02:58:49'),(17,17,17,'dolor',55024,'2006-12-01 17:36:43'),(18,18,18,'ex',6568225,'2008-04-20 07:56:26'),(19,19,19,'delectus',60263,'2014-12-08 01:12:16'),(20,20,20,'ipsum',3,'2017-03-12 22:15:14'),(21,21,21,'consequatur',8093479,'2020-09-28 17:05:35'),(22,22,22,'incidunt',0,'2010-04-17 08:48:48'),(23,23,23,'aut',5912,'2011-06-30 12:19:10'),(24,24,24,'veritatis',293,'2011-05-10 21:28:58'),(25,25,25,'nesciunt',7697,'2014-01-14 17:47:43'),(26,26,26,'quia',61070,'2013-06-11 14:38:43'),(27,27,27,'est',83667,'2007-11-26 11:08:13'),(28,28,28,'qui',2,'2010-06-09 03:32:56'),(29,29,29,'quia',956,'2008-10-24 07:32:16'),(30,30,30,'nihil',579,'2020-01-28 09:56:32'),(31,31,31,'saepe',263,'2019-10-29 15:35:19'),(32,32,32,'doloremque',9,'2010-05-19 04:23:25'),(33,33,33,'quam',668,'2010-11-20 20:50:55'),(34,34,34,'ea',532859934,'2015-07-08 05:58:48'),(35,35,35,'laboriosam',0,'2009-08-13 13:00:05'),(36,36,36,'deleniti',88,'2014-11-15 17:10:11'),(37,37,37,'ut',19,'2017-01-09 19:54:14'),(38,38,38,'recusandae',157185,'2006-11-27 14:41:27'),(39,39,39,'eum',4167512,'2011-02-08 21:10:13'),(40,40,40,'quis',686997,'2017-07-05 15:34:11'),(41,41,41,'non',32,'2014-11-13 11:22:47'),(42,42,42,'quo',69691583,'2011-01-19 18:07:58'),(43,43,43,'ea',77635,'2013-06-11 13:35:21'),(44,44,44,'corporis',497927729,'2017-01-11 14:13:25'),(45,45,45,'culpa',98,'2007-04-26 18:07:44'),(46,46,46,'amet',639,'2014-06-17 01:02:54'),(47,47,47,'necessitatibus',1363258,'2015-08-05 09:40:57'),(48,48,48,'dicta',0,'2005-08-23 07:38:53'),(49,49,49,'nam',0,'2013-05-11 18:26:05'),(50,50,50,'et',0,'2012-03-25 18:35:56'),(51,51,51,'rerum',3462,'2012-12-17 00:16:42'),(52,52,52,'aut',4,'2015-06-15 08:06:17'),(53,53,53,'quia',9420456,'2012-12-19 06:22:24'),(54,54,54,'officia',6405266,'2006-12-06 20:06:42'),(55,55,55,'aliquid',50002632,'2008-09-14 01:32:35'),(56,56,56,'fugit',357688920,'2010-10-07 22:32:11'),(57,57,57,'ex',702,'2007-09-21 02:17:15'),(58,58,58,'aut',3,'2017-08-05 23:52:28'),(59,59,59,'nostrum',11898165,'2014-02-15 07:00:09'),(60,60,60,'consectetur',821851,'2007-07-09 04:08:37'),(61,61,61,'quas',81098,'2006-07-12 04:39:30'),(62,62,62,'officia',72847379,'2021-02-13 16:15:19'),(63,63,63,'illum',916395312,'2006-12-30 14:47:29'),(64,64,64,'et',4614219,'2011-11-15 07:48:22'),(65,65,65,'officia',477704266,'2006-12-15 07:23:45'),(66,66,66,'deleniti',51,'2008-11-10 20:08:34'),(67,67,67,'omnis',3,'2016-01-06 12:51:36'),(68,68,68,'explicabo',25999,'2011-05-08 10:14:34'),(69,69,69,'laborum',17724,'2011-05-07 07:45:35'),(70,70,70,'ipsa',9623,'2010-02-19 03:26:54'),(71,71,71,'itaque',4021,'2005-12-11 04:41:19'),(72,72,72,'eos',67,'2013-09-28 11:31:05'),(73,73,73,'nesciunt',5,'2012-11-29 08:50:45'),(74,74,74,'voluptas',93,'2012-07-24 10:06:33'),(75,75,75,'distinctio',81036039,'2009-02-23 07:47:00'),(76,76,76,'dolores',128990,'2020-05-23 06:50:40'),(77,77,77,'molestiae',13941,'2012-10-31 13:06:24'),(78,78,78,'dicta',37520,'2015-07-03 21:36:34'),(79,79,79,'voluptatem',196826386,'2014-12-11 14:11:10'),(80,80,80,'quisquam',39132,'2012-08-23 02:36:39'),(81,81,81,'aliquam',2,'2015-07-04 09:19:42'),(82,82,82,'consequatur',926,'2007-06-09 10:27:38'),(83,83,83,'id',6,'2013-05-31 21:44:44'),(84,84,84,'ea',2349,'2012-05-20 09:29:35'),(85,85,85,'eum',5612507,'2008-06-07 04:25:07'),(86,86,86,'harum',3,'2020-05-24 03:56:28'),(87,87,87,'nesciunt',63325,'2009-06-21 22:15:13'),(88,88,88,'aspernatur',872689,'2016-09-04 22:54:15'),(89,89,89,'ad',914834244,'2005-12-09 14:27:43'),(90,90,90,'nisi',444581574,'2011-06-11 00:00:28'),(91,91,91,'minus',6457,'2010-03-14 03:31:09'),(92,92,92,'est',79,'2012-04-14 07:46:51'),(93,93,93,'animi',1149,'2013-03-21 05:49:18'),(94,94,94,'autem',21,'2013-01-28 00:33:23'),(95,95,95,'quia',9826,'2021-01-01 13:10:45'),(96,96,96,'vitae',19,'2010-10-30 05:29:01'),(97,97,97,'eos',2,'2012-08-15 02:48:28'),(98,98,98,'vel',4,'2007-01-23 22:14:33'),(99,99,99,'placeat',58390,'2004-12-19 18:34:58'),(100,100,100,'id',876064,'2019-04-24 00:27:46');
/*!40000 ALTER TABLE `media` ENABLE KEYS */;
UNLOCK TABLES;

--
-- Table structure for table `media_types`
--

DROP TABLE IF EXISTS `media_types`;
/*!40101 SET @saved_cs_client     = @@character_set_client */;
/*!40101 SET character_set_client = utf8 */;
CREATE TABLE `media_types` (
  `id` int(10) unsigned NOT NULL AUTO_INCREMENT,
  `name` varchar(45) COLLATE utf8mb4_unicode_ci NOT NULL,
  PRIMARY KEY (`id`),
  UNIQUE KEY `name` (`name`)
) ENGINE=InnoDB AUTO_INCREMENT=5 DEFAULT CHARSET=utf8mb4 COLLATE=utf8mb4_unicode_ci;
/*!40101 SET character_set_client = @saved_cs_client */;

--
-- Dumping data for table `media_types`
--

LOCK TABLES `media_types` WRITE;
/*!40000 ALTER TABLE `media_types` DISABLE KEYS */;
INSERT INTO `media_types` VALUES (4,'cupiditate'),(1,'ipsa'),(2,'neque'),(3,'ut');
/*!40000 ALTER TABLE `media_types` ENABLE KEYS */;
UNLOCK TABLES;

--
-- Table structure for table `messages`
--

DROP TABLE IF EXISTS `messages`;
/*!40101 SET @saved_cs_client     = @@character_set_client */;
/*!40101 SET character_set_client = utf8 */;
CREATE TABLE `messages` (
  `id` bigint(20) unsigned NOT NULL AUTO_INCREMENT,
  `from_user_id` bigint(20) unsigned NOT NULL,
  `to_user_id` bigint(20) unsigned NOT NULL,
  `txt` text COLLATE utf8mb4_unicode_ci NOT NULL,
  `is_delivered` tinyint(1) DEFAULT 0,
  `created_at` datetime NOT NULL DEFAULT current_timestamp(),
  `update_at` datetime DEFAULT NULL ON UPDATE current_timestamp(),
  PRIMARY KEY (`id`),
  KEY `fk_messages_from_user_idx` (`from_user_id`),
  KEY `fk_messages_to_user_idx` (`to_user_id`),
  CONSTRAINT `fk_messages_users_1` FOREIGN KEY (`from_user_id`) REFERENCES `users` (`id`),
  CONSTRAINT `fk_messages_users_2` FOREIGN KEY (`to_user_id`) REFERENCES `users` (`id`)
) ENGINE=InnoDB AUTO_INCREMENT=101 DEFAULT CHARSET=utf8mb4 COLLATE=utf8mb4_unicode_ci;
/*!40101 SET character_set_client = @saved_cs_client */;

--
-- Dumping data for table `messages`
--

LOCK TABLES `messages` WRITE;
/*!40000 ALTER TABLE `messages` DISABLE KEYS */;
INSERT INTO `messages` VALUES (1,2,1,'Ut aut tenetur cupiditate maxime molestiae. Commodi officiis est mollitia ipsa aliquid non illo porro. Alias nostrum quaerat soluta ats odio dolor aut. Cupiditate atque quia sint dolorem.',1,'2016-03-04 11:32:20','2017-06-16 08:20:17'),(2,2,2,'Aliquid odio voluptas qui autem neque quo. Nobis ut placeat assumenda molestiae illo repudiandae aut et.',1,'2018-10-31 10:18:25','2020-07-30 05:23:40'),(3,4,3,'Est illum fugiat officiis quis. Adipisci rerum voluptatem nobis omnis rem aut tenetur aperiam.',1,'2010-10-29 02:38:35','2019-03-10 07:22:13'),(4,3,4,'Maxime velit quod porro qui ut. Omnis et voluptas ut nisi deleniti vel maiores molestias.',1,'2017-02-18 15:28:13','2018-07-29 12:32:32'),(5,6,5,'Id libero tenetur explicabo omnis. Expedita est enim itaque. Repellat illo natus praesentium est.',1,'2005-03-30 12:04:14','2007-06-23 19:39:21'),(6,6,6,'Atque rerum nemo voluptatum in veritatis. Sed debitis eos nemo repudiandae fuga aut velit molestiae. Assumenda dolores odit maiores laboriosam est aut numquam. Iure id mollitia aut in.',0,'2014-10-10 19:28:21','2015-05-16 11:01:36'),(7,7,7,'Explicabo doloremque non maiores qui dolorem reprehenderit qui natus. Facere nemo dolorem vel porro dolorem provident. Dolor quia eveniet voluptas dolor. Sapiente unde est ut voluptate porro et nam.',0,'2009-06-20 09:11:21','2020-12-22 16:58:55'),(8,8,8,'Dolores dolorum veritatis consectetur quis. Sed et magnam repellat dolorum ea aut. Error ipsa beatae asperiores et.',0,'2012-02-17 12:37:03','2014-07-27 10:18:03'),(9,9,9,'Autem alias cum accusamus molestiae quam eveniet. Nam corporis enim occaecati officiis et totam. Sit vel error a recusandae dicta non. Est natus illum quia et.',0,'2009-09-11 08:10:54','2014-01-11 09:09:50'),(10,10,10,'Tempore et eveniet et nisi id. Et cumque modi iure est laudantium. Autem delectus voluptate corrupti inventore dignissimos amet et. Reiciendis veritatis ducimus error qui.',1,'2014-03-31 23:50:33','2015-10-12 12:27:46'),(11,11,11,'Quas consequatur ipsa non ut est. Asperiores dolorem illo illum.\nNon inventore consequatur ab doloremque velit. Deserunt incidunt et et pariatur tenetur velit corporis soluta.',0,'2008-07-22 16:39:48','2012-05-15 21:08:51'),(12,13,12,'In facilis nulla sint quasi veritatis sed et sed. Perspiciatis debitis excepturi aspernatur quae perspiciatis. Voluptatum hic aliquid natus totam molestias minima.',0,'2005-09-09 07:10:45','2006-05-03 06:50:15'),(13,12,13,'Ipsum perspiciatis optio et id quia. Tempore recusandae voluptatibus autem ut.',1,'2011-11-15 06:59:13','2012-01-25 08:09:53'),(14,15,14,'Sunt dolores ut eos officia. Adipisci ab vitae quia veritatis mollitia. Molestias dolores non sequi voluptas quas doloribus.',0,'2015-08-31 10:15:29','2016-04-17 19:03:10'),(15,15,15,'Fuga nisi reiciendis libero numquam possimus voluptatibus. Eligendi et sit et ex facere illo autem. Culpa id omnis reprehenderit. Omnis doloribus iusto provident dicta nulla.',1,'2005-10-15 09:42:47','2012-10-17 03:20:05'),(16,16,16,'Hic sed aut incidunt tenetur. Modi suscipit quaerat neque eaque possimus et. Commodi nihil nisi ducimus ipsa enim blanditiis rerum. Voluptates omnis qui non non consectetur explicabo.',1,'2011-10-06 09:31:55','2014-07-15 13:30:35'),(17,17,17,'Repellendus temporibus velit voluptate ratione totam qui. Vitae odit et eos quia excepturi.',1,'2012-02-28 03:48:38','2013-04-21 18:35:45'),(18,18,18,'excepturi.',1,'2012-02-28 03:48:38','2013-04-21 18:35:45'),(19,19,19,'Laudantium ut dicta placeat perferendis perspiciatis. Harum beatae expedita ut assumenda. Alias autem et amet et temporibus quia et.',1,'2013-10-24 18:11:50','2014-03-30 13:06:40'),(20,20,20,'Doloremque consequatur eos non illo aperiam adipisci iure ut. Ut neque esse et iure et. Eum perferendis et adipisci blanditiis. Totam similique ut id aut voluptas sit perferendis culpa.',1,'2011-03-25 08:29:13','2020-07-10 12:11:38'),(21,21,21,'Voluptatum labore vitae ut vitae sed dignissimos amet id. Exercitationem qui veritatis quas quibusdam. Minima et expedita velit unde. Ullam velit rerum ut qui.',0,'2005-12-15 12:53:46','2006-09-01 08:57:11'),(22,22,22,'Velit et ipsam aut sequi dolore. Corporis quo quis amet et voluptates. Reiciendis qui voluptate officia velit suscipit. Aut est neque repudiandae eum consectetur adipisci culpa.',1,'2006-02-08 14:59:22','2011-07-08 04:17:04'),(23,23,23,'Sunt nemo rerum nihil sed et animi eum. Recusandae iste ut voluptates hic enim quidem quod. Mollitia reiciendis repudiandae corrupti et. Aliquam fugit aspernatur nobis quia quia modi architecto sit.',1,'2006-02-16 03:35:46','2008-04-18 07:56:28'),(24,24,24,'Ipsum doloribus nesciunt et aspernatur dolorem. Dolores libero consectetur deleniti similique vero dolores. Inventore culpa culpa ea occaecati nihil.',1,'2010-10-25 11:49:13','2015-04-08 22:58:08'),(25,25,25,'Sed aut sed et totam veniam voluptatum rerum tempora. Mollitia natus et sequi voluptas magni ut fugiat.',1,'2006-07-16 12:42:18','2010-01-11 09:30:05'),(26,26,26,'Quos molestiae et velit tempore sed voluptates. Ut optio impedit molestias omnis soluta in laudantium. Rerum cum occaecati quo consequuntur ducimus veniam velit doloremque.',0,'2018-10-31 03:45:37','2019-05-03 18:48:48'),(27,27,27,'Aspernatur et officia eum id ab nesciunt autem laboriosam. Cumque exercitationem quasi voluptatem veritatis quo minus. Voluptatem voluptas provident doloribus esse commodi.',1,'2008-12-19 15:00:51','2011-03-28 11:19:59'),(28,28,28,'Porro dolore debitis ut quia voluptatem ipsa. Et itaque perferendis magnam illo velit sit quidem. Id sed repellat officia ea incidunt.',1,'2015-01-25 12:34:06','2019-12-24 06:16:05'),(29,29,29,'Quaerat ut excepturi sed consequatur dolorem expedita nisi. Minima quia at sint porro. Consequatur vel alias perferendis et aut veritatis officia.',1,'2007-12-15 19:16:41','2008-01-04 04:45:19'),(30,30,30,'Tempora et qui dignissimos consequatur tempore dolor pariatur. Non omnis unde modi quae nam. Voluptatem eveniet tenetur ea eius. Velit repudiandae qui consequatur qui.',0,'2015-12-15 11:00:19','2019-10-11 21:05:04'),(31,31,31,'Eos totam ex accusantium dolorum. Perferendis omnis facere recusandae odit consequuntur et. Aut illo ex nesciunt dolorem delectus et.',0,'2011-02-26 23:28:35','2013-05-08 19:14:09'),(32,32,32,'Est sed non voluptatem optio. Quia tenetur dolor temporibus necessitatibus sint eligendi. Molestiae facere sit possimus culpa et.',0,'2005-04-13 18:00:15','2021-01-23 08:59:37'),(33,33,33,'Qui illo sit asperiores omnis est in ratione. Dolores unde iste id delectus iste ducimus consectetur quae. Ut corporis sunt eum.',0,'2012-11-19 17:58:44','2013-09-04 22:37:17'),(34,34,34,'Est ab nemo ea sit voluptas corporis ex. Nihil rerum et quaerat doloremque.',0,'2006-08-25 21:26:37','2008-08-16 10:06:55'),(35,35,35,'Officiis nobis qui magnam voluptas autem molestiae ut. Sit molestiae repudiandae sapiente rerum velit. Sit ab perspiciatis earum nesciunt ipsa omnis. Atque natus quibusdam officia quia.',1,'2012-09-02 07:08:56','2012-11-10 21:04:09'),(36,36,36,'Sint sed ut molestiae velit facilis reiciendis. Consequuntur non nihil labore omnis magnam aut earum. Possimus est explicabo eius. Eum omnis voluptatum neque dignissimos qui saepe.',0,'2010-07-08 01:18:20','2013-07-02 10:53:11'),(37,37,37,'Sit voluptatibus facere tenetur vel. Quo qui repellendus voluptate fugiat quos. Voluptatem fugiat commodi quibusdam id et sit voluptates molestiae. Sequi quae et vitae autem doloremque voluptatem.',1,'2009-01-13 13:52:08','2019-01-30 19:58:18'),(38,38,38,'Aspernatur accusantium aliquid numquam sed. Deserunt placeat sapiente voluptate quisquam. Fugit sequi aperiam aliquam ut reiciendis. Consequatur maiores quia tempora rem.',0,'2018-12-14 02:18:37','2019-07-02 01:42:42'),(39,39,39,'Asperiores maiores odio quam perferendis et. Necessitatibus laborum necessitatibus aut autem aut consequatur. Autem impedit molestiae eaque voluptatibus voluptatem eum deserunt.',0,'2010-04-09 04:41:05','2018-10-11 23:33:36'),(40,41,40,'Rerum eos nemo maxime labore reprehenderit quo cumque. Dolorem est sed voluptatibus dolor omnis. Atque ut temporibus sit recusandae.',0,'2015-01-15 09:32:52','2016-08-29 07:42:09'),(41,42,41,'Ratione tempora excepturi vel facilis magnam velit aspernatur. Rerum ut illo et repudiandae eligendi. Odit commodi sapiente ut earum vitae sunt sed.',1,'2012-12-27 10:20:42','2018-02-19 19:45:48'),(42,43,42,'Placeat nulla laudantium corporis nobis occaecati. Ab ex iste veritatis eligendi dicta ut. Quo itaque neque sapiente saepe.',1,'2016-06-20 20:28:05','2019-06-15 06:29:08'),(43,44,43,'Debitis sequi et pariatur ut. Aut maxime nihil ullam ab error molestiae.',0,'2018-11-26 04:38:24','2019-10-23 22:44:20'),(44,45,44,'Sint deserunt libero est doloremque sint blanditiis illum. Voluptas rem est facere adipisci non praesentium deserunt. Aut ab nesciunt eius.',1,'2013-02-26 23:24:13','2016-08-14 21:33:54'),(45,46,45,'Voluptatem ut est fuga blanditiis molestias. Dolores debitis accusamus ipsum et adipisci quia in. Asperiores quia vel et qui dolorem optio omnis.',1,'2008-12-25 15:13:06','2009-12-10 15:31:55'),(46,47,46,'Aut sed quas hic nihil. Eius harum illo fugiat et consequatur.',0,'2009-11-23 21:07:31','2010-04-19 05:38:19'),(47,48,47,'Iusto quibusdam rerum dolorem sapiente facilis. Dolor harum tempore qui tenetur vel expedita. Nihil quo incidunt accusamus nam.',0,'2011-09-25 04:46:07','2011-11-26 00:29:18'),(48,48,48,'Animi omnis sint non non ducimus commodi odio. Dicta ipsam ut necessitatibus et natus. Eum tempore alias sed molestias.',1,'2013-01-15 03:25:15','2015-10-28 15:46:10'),(49,49,49,'Quam illo dolores tempore corrupti repellat nihil et blanditiis. Itaque et aut sint qui. Qui repellendus facilis commodi eos earum.',0,'2012-10-28 17:38:58','2017-01-23 00:31:21'),(50,50,50,'Id aut voluptas consequatur inventore ut. Est commodi sunt perferendis aut nihil. Consequatur dignissimos vitae corrupti quia commodi ullam.',0,'2013-06-19 01:36:51','2019-05-13 04:10:59'),(51,51,51,'Quia neque eum mollitia perspiciatis esse ut et. Natus soluta commodi veniam. Quo occaecati quae nihil ipsa et placeat qui.',1,'2017-05-31 13:35:11','2019-03-25 04:03:19'),(52,52,52,'Sunt consequuntur ipsam velit quis qui itaque. Iste libero cumque voluptas nam aut. Et optio modi consequuntur consectetur tempore aut voluptatem.',0,'2010-03-25 21:40:36','2014-10-13 07:33:39'),(53,53,53,'Consequuntur tenetur laboriosam asperiores voluptas provident molestiae tempora dolor. Ut repellat et quas ad aut. Voluptatibus et esse necessitatibus veniam quia quos enim.',0,'2008-01-11 07:10:26','2014-10-29 21:16:12'),(54,54,54,'Iure dolorum corporis cumque asperiores. Autem sint qui molestiae a ea ut. Accusamus quia totam temporibus quia ipsum.',0,'2009-08-30 08:33:56','2016-03-23 01:04:05'),(55,55,55,'Omnis quo in vitae saepe. Nihil nihil ipsam provident recusandae voluptatem. Occaecati consequuntur unde adipisci eos harum unde nihil.',0,'2008-01-27 17:32:25','2016-09-21 22:01:47'),(56,56,56,'Rerum vitae atque similique cum. Aut voluptas vel atque qui unde sit.\nVero fugit et soluta rem omnis molestias cupiditate iure. Et officia provident quia eos nobis similique. Qui qui a quaerat cum.',1,'2014-02-03 03:12:33','2015-11-05 12:26:28'),(57,57,57,'Et officiis vero nobis accusantium minus illum. Esse esse sapiente quod animi. Tempore laudantium accusamus quas veniam occaecati harum est.',1,'2003-11-21 14:28:41','2009-11-20 18:23:53'),(58,58,58,'Corrupti cupiditate quia dicta dolores unde harum itaque. Voluptas hic quia fugiat sed ullam cum. In repellendus sapiente beatae ea. Ipsam autem quis ut nesciunt ex.',1,'2011-12-31 07:31:25','2013-11-13 14:15:09'),(59,59,59,'Id qui quis velit voluptate. Ad est a quos autem nulla minus reprehenderit ab. Possimus et magni ipsam occaecati.',0,'2011-03-11 12:56:40','2012-06-16 08:06:18'),(60,60,60,'Temporibus esse est et voluptatem officia commodi qui. Dolor nulla reprehenderit ut quisquam sed. Occaecati architecto alias debitis eaque.',0,'2009-08-28 14:08:46','2010-11-11 18:01:33'),(61,61,61,'Optio impedit quisquam reiciendis animi vel illo. Molestiae pariatur quibusdam est fugiat.',1,'2008-04-01 23:17:14','2013-12-20 09:42:02'),(62,62,62,'Ea recusandae debitis numquam voluptas consequatur omnis. Vero consectetur sed cumque iste et ex omnis. Qui ut et voluptas aliquam. Quasi sed esse et ea est optio possimus.',0,'2018-06-15 12:34:08','2018-09-19 16:00:30'),(63,63,63,'Vero et esse provident quidem asperiores fugiat vel. Eaque magnam iure ratione delectus molestias nesciunt aut.',0,'2007-10-30 22:07:16','2020-11-03 09:11:22'),(64,64,64,'Labore aperiam ea enim. Animi ut laudantium et non. Esse sed necessitatibus provident et. Nesciunt temporibus mollitia iusto dolore ullam.',0,'2006-07-24 21:12:35','2007-01-30 18:39:29'),(65,64,65,'Ut perspiciatis vero porro modi eos iure fugit maxime. Eveniet neque rerum amet tenetur cupiditate amet. Mollitia ex omnis iure est quasi autem.',0,'2014-10-06 05:28:53','2015-02-21 21:42:22'),(66,66,66,'Dolorem vel adipisci eos molestias est molestias rem asperiores. In perspiciatis architecto est ad commodi odio officia. Voluptas nobis et officiis est neque vero sint.',1,'2007-06-02 06:15:47','2008-05-06 05:54:54'),(67,67,67,'Ut quo eaque impedit rerum qui est sit. Esse totam sapiente est perferendis consectetur totam. Consequuntur nulla atque similique consectetur tempora adipisci facilis et.',1,'2010-01-26 04:09:16','2016-03-02 21:06:22'),(68,68,68,'Voluptatem animi quaerat quo perspiciatis autem necessitatibus. Pariatur iusto ab ut minima. Delectus aut eveniet in mollitia ut aspernatur. Quo dolorum rem cupiditate enim qui quia totam.',1,'2008-09-10 04:42:12','2016-01-25 12:58:49'),(69,69,69,'Sit error excepturi illo aspernatur inventore qui. Rerum vero enim pariatur sed. Occaecati nobis nostrum necessitatibus sint est.',1,'2008-08-23 15:48:15','2013-02-14 20:16:39'),(70,71,70,'Rerum rem rerum tempora iusto quos. Eos ratione quia et atque assumenda qui iste incidunt. Dolorum sed maxime eos sunt. Omnis qui quo sit quam fuga ipsam temporibus odio.',0,'2007-10-22 02:07:02','2008-05-17 15:40:01'),(71,71,71,'Architecto in sint cumque. Suscipit non culpa ut aliquid et magni. Consequatur ut accusamus exercitationem atque. Nemo magnam quam ipsum similique omnis.',0,'2005-04-06 02:17:27','2010-07-04 14:02:40'),(72,72,72,'Voluptatem consequatur officiis excepturi deleniti voluptatem sint maiores. Accusamus consequuntur placeat fugit enim atque facere iste necessitatibus. Et est quae labore iste.',0,'2009-06-09 06:10:41','2013-01-23 07:50:22'),(73,73,73,'Libero asperiores ipsa magni nam quo ut et. Quam enim ut eum voluptates dolorem ut quasi omnis. Velit et eaque nam. Molestias aut quis pariatur sed et unde.',1,'2009-11-14 22:03:11','2015-05-31 10:33:48'),(74,74,74,'Quos autem sunt facere sed odio omnis tenetur. Velit est placeat aperiam provident.',1,'2013-11-28 13:38:39','2015-10-04 08:11:53'),(75,75,75,'Natus fugit sapiente non adipisci. Nostrum nihil reprehenderit ratione praesentium nulla. Nostrum in cum est voluptatem. Beatae laborum quidem qui.',0,'2007-04-02 03:55:44','2014-03-31 02:46:10'),(76,76,76,'Sint neque harum et. Autem et pariatur numquam praesentium. Nihil qui aut nobis asperiores voluptatem amet.',1,'2006-02-19 10:29:10','2009-11-21 17:32:46'),(77,77,77,'Sint est temporibus reprehenderit vitae. Consequatur aliquid placeat voluptatem sed. Iure ex eos similique. Et reprehenderit eaque officiis ad deserunt velit.',1,'2007-05-28 06:02:35','2014-08-18 04:46:34'),(78,78,78,'Nihil hic autem eligendi porro quae nihil. Rerum quaerat harum non sunt qui ipsum. Illo placeat expedita culpa numquam voluptatem rerum. Facere quos est perspiciatis eum voluptatem qui quos et.',0,'2013-10-19 08:55:44','2015-11-18 02:16:17'),(79,79,79,'Dolorum voluptate quia eaque sint. Eveniet libero enim et maiores. Voluptatem aut officia veritatis id non. Velit neque natus eligendi voluptas fuga.',0,'2007-10-03 03:26:07','2007-10-15 20:46:30'),(80,80,80,'Non facere et minus eaque repudiandae consequatur vitae. Atque tempore quia nostrum aut mollitia. Doloremque illum debitis et tenetur et cumque.',1,'2007-08-28 12:50:50','2014-02-02 16:18:56'),(81,81,81,'Quia veritatis fuga recusandae inventore. Voluptatum in adipisci vero a. Ad dolor distinctio tempore harum repudiandae commodi.',0,'2007-02-02 17:08:07','2014-02-09 15:25:55'),(82,82,82,'Et possimus corrupti a voluptas voluptatem voluptatum. Recusandae minima dolor minima id facere exercitationem voluptatibus qui. Ad a consectetur sequi quae at ut ut.',1,'2010-02-16 02:34:18','2012-07-10 05:06:33'),(83,83,83,'Est ipsam repellendus aspernatur labore veniam quia. Ex ipsam ut sunt odio. Sint enim laudantium voluptatem deleniti qui autem iure ab. Amet illo ipsam asperiores minus facere nulla qui.',0,'2011-07-25 13:54:06','2020-09-29 09:07:47'),(84,84,84,'Aut voluptas illum accusantium sed sint voluptas expedita. Dolor iusto vel in blanditiis. Consequatur ut magni nemo fuga unde.',0,'2006-11-17 17:30:32','2020-07-25 16:00:14'),(85,86,85,'Dolore atque ab ut voluptatem excepturi et quo. Voluptatem quis architecto sint corrupti qui. Nemo eos rerum vel omnis.',1,'2010-10-03 14:56:16','2019-10-12 12:08:03'),(86,86,86,'Reprehenderit perspiciatis culpa in illo eum eius iste. Officia est quae aliquam necessitatibus officiis in aut. Rerum laborum sint non ut dolor et.',1,'2010-06-18 05:47:16','2012-02-15 02:14:27'),(87,87,87,'Qui doloremque debitis qui voluptatem et quia doloribus dicta. Veritatis officiis ipsam odit et possimus doloremque. Voluptates tempora eos qui quasi iste fugit tenetur.',1,'2013-12-31 00:59:37','2014-04-14 01:29:24'),(88,88,88,'Aut quam quo tempora laboriosam quisquam aut. Aut facere ut ut officia. Quisquam repudiandae sint repellendus reprehenderit. Illo mollitia aut deserunt laboriosam aliquid ut. Dolor at natus et aut.',0,'2005-10-11 13:09:45','2018-05-29 10:08:45'),(89,87,89,'Et nisi error consequatur minus. Nemo est nihil autem aut quis praesentium est. Iste magni veniam quod quibusdam nulla aliquam ipsam.',1,'2010-11-11 07:48:09','2020-04-23 02:05:51'),(90,90,90,'Dignissimos magni aut nulla aut. Nihil dolorum dolorem dolorum eos molestiae. Et praesentium veniam voluptatem sed rerum. At qui sequi velit vel.',1,'2007-08-17 03:36:07','2014-02-16 01:29:27'),(91,91,91,'Temporibus eum vel debitis dolor vitae aut laboriosam. Non inventore tempora omnis quam. Dolorum deleniti iste ex aut nihil placeat omnis. Et eaque soluta hic sed laboriosam aperiam eveniet.',1,'2008-11-09 04:35:25','2016-11-03 03:22:21'),(92,91,92,'Ratione voluptatem qui excepturi beatae. Enim quia totam sunt quae sequi hic repellendus. Ut magni repellendus nemo numquam ut ea. Totam itaque temporibus sit autem ipsam et.',1,'2011-10-25 20:58:26','2017-03-30 15:08:40'),(93,93,93,'Odio ad recusandae ut. Autem suscipit earum voluptas qui architecto aut impedit. Cupiditate veritatis dolorum ipsum sunt nihil labore. Qui aspernatur facilis et laborum explicabo quod dolores.',1,'2013-09-30 23:06:18','2016-12-31 12:20:08'),(94,95,94,'Hic inventore cum deserunt adipisci quo qui. Id eligendi aut eum quia dolorem perspiciatis autem animi. Vel ut placeat quae earum non cum deleniti.',0,'2014-06-13 19:02:00','2017-09-19 02:28:32'),(95,95,95,'Dolor sit ut ut maiores quia ad modi aut. Voluptas molestias aliquid vitae consectetur ratione eius perspiciatis. Voluptas consequatur ratione ea dicta saepe consequuntur.',0,'2013-12-29 23:35:04','2020-10-10 20:59:25'),(96,96,96,'Aut esse nemo minus deleniti dolorum. Perspiciatis officia laborum itaque cum error dolore voluptatem eum. Minima expedita quibusdam sapiente.',0,'2008-01-09 11:01:57','2013-06-19 23:17:39'),(97,97,97,'Praesentium sequi ullam sed. Ut est eum quia praesentium. Debitis adipisci dolorem aperiam ut. At modi sed nisi repudiandae ipsum laboriosam itaque.',1,'2007-05-06 05:03:33','2015-01-24 21:15:58'),(98,98,98,'Delectus ut mollitia esse accusantium nam cum pariatur. Ea ut voluptatem quis quibusdam. Explicabo quia occaecati quidem maxime. Sit asperiores nobis distinctio asperiores.',0,'2010-10-07 10:44:52','2012-08-15 22:38:21'),(99,100,99,'Ut repudiandae delectus dolor consequatur est. Laborum aut nemo quia reprehenderit. Ipsa voluptates eius commodi qui aut assumenda eum et. Est assumenda minus unde cum est earum et.',0,'2015-04-17 13:22:04','2019-10-31 00:35:10'),(100,99,100,'Maxime ut similique quisquam iste in. Adipisci nam aliquam quia nisi aut atque ullam. Sit cum hic voluptate quos. Deleniti sapiente sit doloremque et nam consequatur architecto.',1,'2007-01-09 13:37:02','2019-11-18 06:30:25');
/*!40000 ALTER TABLE `messages` ENABLE KEYS */;
UNLOCK TABLES;

--
-- Table structure for table `posts`
--

DROP TABLE IF EXISTS `posts`;
/*!40101 SET @saved_cs_client     = @@character_set_client */;
/*!40101 SET character_set_client = utf8 */;
CREATE TABLE `posts` (
  `id` bigint(20) unsigned NOT NULL AUTO_INCREMENT,
  `user_id` bigint(20) unsigned NOT NULL,
  `txt` text COLLATE utf8mb4_unicode_ci NOT NULL,
  `created_at` datetime DEFAULT current_timestamp(),
  `updated_at` datetime DEFAULT NULL ON UPDATE current_timestamp(),
  PRIMARY KEY (`id`),
  KEY `user_idx` (`user_id`),
  CONSTRAINT `user_posts_fk` FOREIGN KEY (`user_id`) REFERENCES `users` (`id`)
) ENGINE=InnoDB AUTO_INCREMENT=101 DEFAULT CHARSET=utf8mb4 COLLATE=utf8mb4_unicode_ci;
/*!40101 SET character_set_client = @saved_cs_client */;

--
-- Dumping data for table `posts`
--

LOCK TABLES `posts` WRITE;
/*!40000 ALTER TABLE `posts` DISABLE KEYS */;
INSERT INTO `posts` VALUES (1,1,'Recusandae quia non molestias consequatur excepturi quidem ducimus. Voluptatem velit sit illo quos ipsum distinctio earum. Eum cum saepe sint occaecati exercitationem.','2013-05-28 17:12:39','2017-08-13 05:49:16'),(2,2,'Commodi repudiandae voluptatem autem. Nulla deserunt voluptas aut nemo repudiandae. Nesciunt dignissimos odio omnis voluptas ipsam qui. Reprehenderit eos et placeat et non et.','1981-10-16 08:20:23','2011-08-17 18:15:26'),(3,3,'Et placeat eum qui. Eum in vel a ut harum ducimus. Recusandae porro iure minima ex sit eius libero.','2004-03-05 18:11:20','1975-10-05 05:05:36'),(4,4,'Nisi ab ipsa voluptatem qui saepe inventore. Vero eos magni eaque occaecati qui dolor architecto. Fugiat molestias alias consectetur praesentium.','1973-10-15 17:32:39','1990-06-30 03:16:59'),(5,5,'Itaque sint quidem at quisquam tempora animi. Sit est molestiae numquam eligendi. Dolores sit quam modi architecto placeat iusto voluptatum.','1985-07-29 04:45:00','2010-10-01 06:06:47'),(6,6,'Veniam suscipit eos corrupti. Cupiditate rem necessitatibus vero ut dolor. Quo at animi minima nihil natus et.\nVoluptatem saepe consequuntur est fugiat. Dolorem molestiae inventore a.','2006-07-07 12:59:14','1995-01-28 17:03:48'),(7,7,'Saepe nulla cumque quis explicabo in. Expedita molestias eum occaecati aperiam id. Quibusdam amet rerum et architecto. Iure modi accusamus iste voluptates doloribus eaque.','2019-12-21 07:33:56','2003-04-13 10:44:53'),(8,8,'Optio quis qui qui sint ipsam nobis repellendus. Sed tenetur quibusdam rerum dolores. Ea sunt doloremque maiores eum molestias. Est quo maiores totam nam.','2017-02-25 07:04:22','1970-08-16 08:44:31'),(9,9,'Soluta voluptas voluptatem ipsam dolorem aperiam libero nulla. Qui minima ut esse officiis non molestiae. Officia voluptas ut nihil debitis.','1972-06-14 20:35:28','1995-05-12 23:19:07'),(10,10,'Exercitationem adipisci et voluptas harum minus. Quos modi dolore facilis est dignissimos. Qui exercitationem nihil temporibus repellendus nulla ut maxime.','2012-03-28 08:48:56','2011-06-19 22:58:46'),(11,11,'Ad nemo consequuntur sit vel. Vel harum facilis aut id debitis placeat quia. Nihil numquam officia sed ut fugiat qui. Placeat exercitationem sed consequatur animi possimus.','1998-07-08 23:43:11','2020-12-19 19:19:47'),(12,12,'Architecto assumenda sed nesciunt et totam. Architecto esse asperiores et rerum eos incidunt.','2010-06-22 01:23:28','1999-10-16 19:56:54'),(13,13,'Sed quidem corporis quia vitae blanditiis culpa autem. Perferendis perferendis molestias rerum fuga sint. Illo laudantium adipisci ut est deleniti minima occaecati.','1983-09-16 21:57:48','1974-09-22 06:40:42'),(14,14,'Et officia sint perferendis architecto. Quas tenetur consequatur voluptatibus aspernatur dolor dolore. Nesciunt optio in eaque.','2010-10-20 04:35:48','1978-11-26 01:30:47'),(15,15,'Laborum modi voluptatem dolor. Sequi quo dicta consequuntur beatae aliquid ducimus. Sapiente ut provident facilis sunt. Libero molestias et similique non aut dignissimos.','2018-06-14 06:43:36','2019-11-06 10:31:52'),(16,16,'Sunt accusantium aperiam qui repellendus dolorum possimus. Explicabo nisi nobis fugiat voluptas debitis. Consequatur voluptatem ducimus similique dolorem vero odio.','1982-06-17 11:37:50','1988-05-20 22:30:15'),(17,17,'Ut magnam eos magni ut aut perspiciatis. Illo ducimus dolores officiis alias. Omnis illum itaque laborum numquam aspernatur consequatur. Vel non sunt dolorem magnam voluptates minima sit.','1983-11-09 02:16:43','2012-10-29 01:55:53'),(18,18,'Illum ullam eos sunt ipsum et deleniti voluptatibus. Vero voluptatem vel omnis et optio nisi. Eveniet et eos et magnam. Ut est aut impedit. Officiis magni est sapiente alias fugit velit.','1984-07-19 03:49:30','1985-03-26 01:44:37'),(19,19,'Et optio porro ex perspiciatis dignissimos officia. Culpa est reprehenderit laudantium dolore enim quis. Sed molestiae officia nulla ut dicta illo. Minus cumque numquam voluptates debitis soluta.','1992-02-17 05:08:11','1998-03-17 05:19:49'),(20,20,'Reiciendis iure aliquam harum et officia. Enim vel velit reiciendis aliquam. Omnis rerum enim pariatur ab temporibus fugit et. Expedita sint eum mollitia illo.','2017-05-03 05:36:52','1988-07-12 12:40:17'),(21,21,'Est consectetur rerum sed voluptas quis veritatis. Saepe non earum dolorum repudiandae.','1994-06-18 03:41:21','1998-08-18 11:23:28'),(22,22,'Qui et consequatur quos sed laborum. Quod facilis illum delectus laudantium iure deleniti laboriosam. Alias sequi ut autem modi consectetur.','2007-02-09 00:58:44','2020-07-22 12:06:02'),(23,23,'Doloremque et ut dolorum. Nam mollitia voluptatem aut. Est necessitatibus et fuga laborum esse ipsam. Quis rerum voluptatibus ut molestias saepe ad iure.','2019-06-19 13:54:40','2017-08-13 10:21:01'),(24,24,'Est placeat quo est distinctio sit est ipsa. Cupiditate aut quae laborum quia quia assumenda. Omnis dolorum qui est ipsam. Quidem id non reiciendis doloremque iste atque fuga.','1977-05-01 20:34:45','1981-10-08 00:10:18'),(25,25,'Eius molestiae omnis fuga consectetur id et aut quia. Omnis non voluptates eos magnam. Voluptatibus voluptas error est aut dolor.','1972-05-19 04:31:46','1976-08-08 04:50:33'),(26,26,'Qui voluptas eius et non aut laborum architecto. Porro voluptas nisi laborum quam sapiente voluptas. Doloremque commodi nihil possimus vero ut qui. Voluptas pariatur id qui natus accusantium et.','1989-10-30 22:41:14','1977-02-19 01:34:04'),(27,27,'Nobis aperiam reprehenderit perspiciatis incidunt omnis incidunt. Autem consectetur ea porro maxime voluptatem. Aspernatur praesentium ipsa occaecati rerum asperiores repellat repellat.','1971-08-04 15:29:59','2006-11-17 22:42:39'),(28,28,'Dolorem nam ullam aut ipsam maxime ut. Et perspiciatis rerum omnis a et aut. Corrupti et pariatur repellat consequatur quibusdam.','2019-09-29 01:06:00','2005-06-26 22:55:48'),(29,29,'Fugit dignissimos eligendi sed facilis. Sunt nam inventore quas. Eaque possimus consectetur alias autem. Dignissimos nostrum deserunt nihil ipsum porro.','2021-03-18 11:03:11','2019-07-18 11:27:37'),(30,30,'Reiciendis recusandae inventore enim similique maxime repellat. Eius consequatur quia voluptates temporibus itaque qui quia. Quidem sunt exercitationem est alias perferendis.','2007-03-15 13:55:40','2001-10-24 21:57:27'),(31,31,'Nam ex dignissimos ad. Rerum est quia qui amet aut nam. Perferendis deserunt laudantium nostrum.','2020-09-03 10:32:34','1970-07-22 12:20:38'),(32,32,'Ea aut vitae quod voluptatem ratione quis quidem. Est rem libero qui quibusdam odit sit dolorum. Et illum quos non quia aliquam.','1997-03-15 09:25:20','2014-01-27 21:02:56'),(33,33,'Adipisci rem nihil ut ducimus. Voluptatem officia et sed quibusdam. Delectus quis consectetur a ut ipsum eos.','1980-10-30 19:49:36','1992-11-09 11:31:16'),(34,34,'Minus enim quo ut voluptates enim aperiam. Eos unde non et rem occaecati expedita rem. Non repellat qui eos et mollitia nemo aut. Modi deserunt deserunt qui est assumenda.','1987-09-11 02:35:07','1997-09-17 23:50:21'),(35,35,'Quis illo quia sit veniam totam. Soluta et blanditiis sint qui debitis nihil ex. Ut vel reiciendis aut maiores eos rerum. Minima velit voluptatem voluptas.','1987-03-19 04:33:26','1971-05-16 02:12:48'),(36,36,'Voluptatem eius magni est odit autem aut animi. Omnis est adipisci nam sequi doloremque. Blanditiis ullam ex ad ipsum. Soluta quidem non ducimus impedit iste.','1974-03-20 10:20:47','2007-07-03 03:55:41'),(37,37,'Eius at officiis quam qui ad ut. Voluptatem qui dicta rem velit et. Similique nisi distinctio doloribus a rem voluptas. Incidunt pariatur aspernatur illum magni ut.','1980-01-07 08:36:38','1973-11-10 06:42:02'),(38,38,'Autem aut eligendi maxime nisi. Dolor cumque voluptas vitae molestias architecto vel optio. Earum occaecati et sunt maxime sit et incidunt.','2007-10-06 02:34:53','1972-01-14 03:34:44'),(39,39,'Voluptas beatae sed magnam molestiae ullam laudantium sit placeat. Illum eos quaerat et. Eos ea suscipit sapiente.\nEst cupiditate ea esse ipsa. Voluptas recusandae et et nihil similique est.','1991-02-06 16:48:27','2015-12-21 14:02:40'),(40,40,'Hic deserunt suscipit laboriosam. Iste laboriosam aut eos accusamus. Dolores qui quaerat tempore.','2014-01-30 10:31:06','1982-01-20 15:28:35'),(41,41,'Consequatur quis voluptatem quia ipsa. Accusantium dolor libero maxime distinctio voluptate ipsa laborum.','2014-02-02 15:58:26','2005-02-22 11:00:19'),(42,42,'Ex dolor modi itaque modi. Qui sed odio provident dignissimos et quasi. Qui eum odit voluptatum soluta corrupti ab.','1998-08-16 13:54:48','2012-10-09 02:32:58'),(43,43,'Exercitationem aliquam dolores excepturi laudantium placeat. Dolorum quae quo earum ratione non. Corporis non voluptatem dolor voluptas eveniet est sequi.','2018-01-10 01:34:30','2018-07-28 00:52:25'),(44,44,'Iste ea quo dolores modi nemo. Nobis eos voluptas saepe quis quasi ducimus provident. Autem velit quasi soluta repellendus ut. Omnis error quod facere rerum.','1970-08-23 14:39:36','1998-06-25 07:07:40'),(45,45,'Animi sit et omnis fugiat nihil est voluptatem. Dolores quo minima et consequatur aut voluptatem. Libero et nihil ut voluptate.','2010-10-15 15:59:37','1994-05-11 18:48:43'),(46,46,'Vel et possimus quo. Exercitationem rerum voluptatem beatae et quia nulla. Asperiores qui eos voluptatem repudiandae voluptas esse.','2018-10-28 18:19:33','1987-02-12 19:19:03'),(47,47,'Fugiat consectetur sed ut quibusdam. Voluptas suscipit aut animi beatae. Est cupiditate repellat beatae sapiente sit qui. Voluptates expedita sed quas animi quam magni et.','1982-05-04 12:57:01','1973-01-22 11:11:18'),(48,48,'Similique maxime voluptatem nisi voluptas beatae eveniet nihil enim. Aut consequatur neque illo ut dolores aspernatur et illum. Aut et dolor odit nam fugit voluptas est. Quia vero quam sit nesciunt.','2017-05-07 21:05:08','1978-07-23 13:57:55'),(49,49,'Illum illo facere minus. Rerum dicta molestiae soluta ipsum ratione quidem voluptas. Aut blanditiis vel at similique. Autem nesciunt mollitia et unde. Ab eligendi modi ea.','2006-09-24 10:36:50','2010-09-16 05:44:18'),(50,50,'A quae recusandae excepturi sed reprehenderit odit nemo. Vero a et reprehenderit temporibus rem.','2016-03-04 08:49:10','1986-05-09 23:47:41'),(51,51,'Praesentium distinctio eligendi voluptatem sapiente ut sit totam vero. Ipsa aut culpa numquam mollitia odit non. Reprehenderit nemo iusto porro vel. Repellat vel praesentium optio quibusdam et.','2020-06-18 14:24:14','1988-03-26 21:10:07'),(52,52,'Atque tempore rerum nulla dolorem aut deserunt. Dolorum minima tenetur rerum accusamus. Velit voluptatem veritatis est quia numquam molestiae sint. Velit non quisquam sequi hic quasi.','2015-06-02 01:37:43','1999-01-29 10:21:45'),(53,53,'Voluptatibus iusto tempora similique aut mollitia quaerat. Quis quibusdam aut est soluta expedita. Aspernatur animi blanditiis qui eum. Tempore sunt ad et soluta perspiciatis.','2001-09-28 18:21:13','2015-09-17 01:13:07'),(54,54,'Culpa illum et fugit voluptas vel nihil voluptatem praesentium. Dolorem suscipit totam velit consequatur adipisci.','2019-04-03 19:58:50','2016-03-26 07:11:12'),(55,55,'Nesciunt minus sit aut ipsam placeat. Reprehenderit ad ad veniam hic necessitatibus. Delectus eos eligendi saepe ab beatae. Quas harum deleniti inventore voluptates optio voluptas.','1998-11-26 00:13:34','2020-11-25 03:44:37'),(56,56,'Voluptas exercitationem error voluptatem totam repellendus. Necessitatibus nihil culpa fugit alias dolor aut. Excepturi ut non pariatur praesentium doloremque.','1990-07-16 16:34:00','1994-02-11 14:58:04'),(57,57,'Nesciunt velit sequi dolore voluptatem non. Repellat sit animi porro hic totam consequatur. Tempora blanditiis modi sed consequatur est ut architecto.','1991-07-23 10:55:43','1983-08-27 03:36:32'),(58,58,'Aut aliquam harum dolorem qui quisquam distinctio sunt. Repellendus libero velit fugit et nesciunt. Voluptas ipsam tempore eligendi dolore facilis quibusdam praesentium.','2020-05-18 11:45:35','1984-11-30 18:58:29'),(59,59,'Aut unde et velit. Dignissimos tempora officia sequi. Sunt ad velit et consequuntur ut quia. Omnis animi doloribus autem tempora.','1977-12-10 03:40:36','1977-09-03 13:07:37'),(60,60,'Eveniet consequuntur sequi deserunt amet facere qui est. Veritatis repellendus neque unde ut. Totam odio eaque harum sed neque ea.','2004-02-06 08:01:28','2012-11-12 06:44:36'),(61,61,'Blanditiis possimus sed sunt dicta laudantium optio. Qui nisi aliquam quisquam et distinctio et eum. Omnis illo nobis qui.','1994-02-25 23:21:48','1985-06-12 18:44:07'),(62,62,'Cupiditate id fugit architecto sed sint. Enim id in est laborum quia. Modi nesciunt aut quia maiores sunt ab ducimus. Consequatur qui illo autem quis.','1986-05-30 19:32:14','1988-01-16 10:22:01'),(63,63,'Saepe tempora adipisci eligendi possimus et. Dolores sed architecto ut nesciunt aspernatur deserunt. Sit dolor magnam temporibus qui necessitatibus amet. Et tenetur error optio rerum aut.','1997-11-19 17:16:12','1973-06-24 16:45:26'),(64,64,'Sed et enim quo omnis soluta suscipit. Consequatur ipsam maiores adipisci. Ipsam esse rerum quisquam labore debitis.','2001-08-03 13:16:08','2015-10-12 02:46:44'),(65,65,'Exercitationem asperiores labore debitis error cumque explicabo odit. Vero vitae natus quod. In ea sint consequatur eligendi aliquam.','1983-10-13 12:24:22','2019-04-10 07:14:04'),(66,66,'Sint dicta sint ut porro ea perspiciatis qui. Debitis nesciunt libero rerum voluptas dolorem et nostrum unde. Commodi vitae fugit qui culpa minus et optio. Et dolor possimus id ullam atque et non.','2003-06-27 07:07:33','2015-03-14 00:54:09'),(67,67,'Deleniti consequatur minus eveniet quibusdam exercitationem est. In occaecati laudantium sint. Ea omnis beatae ea deleniti voluptas assumenda.','2004-10-12 05:58:47','2015-08-15 11:41:19'),(68,68,'Voluptatem dolores quos adipisci placeat labore. Ducimus iste quo et. Qui vel in sed hic itaque.','1982-10-17 16:40:04','1999-01-08 01:50:21'),(69,69,'Non excepturi quia nihil quia. Tempora similique consequatur qui. Temporibus quaerat accusantium enim nobis quasi aut. Voluptatem dignissimos ipsam tenetur consequatur facilis ipsam expedita in.','2007-10-14 21:23:33','2020-05-15 23:00:22'),(70,70,'Quas provident quaerat ut eligendi. Cumque est laboriosam a. Praesentium nihil nulla esse et minima minus.','2009-11-15 19:46:58','2000-02-25 05:02:10'),(71,71,'Possimus aut odio rerum non. Labore aperiam alias illo quia. Odit impedit sed commodi fugit eos aut.','1974-03-03 13:28:30','1994-04-22 02:41:56'),(72,72,'Qui adipisci autem omnis. Asperiores neque sit ad praesentium ab. Accusamus quos ullam veritatis tempore.','2010-01-07 12:08:05','2002-06-15 09:34:01'),(73,73,'Unde in ullam quasi blanditiis quidem. Neque hic optio eveniet animi. Et mollitia et sit assumenda delectus sint voluptatum.','2007-11-18 17:16:01','1971-10-14 12:24:41'),(74,74,'Consequatur earum id sunt exercitationem quae explicabo et. Nisi soluta laborum aut ad. Ea vel quis rerum natus voluptatem voluptates incidunt.','1984-01-14 13:00:08','2012-09-21 19:33:17'),(75,75,'Minus nobis nisi quidem repellat laudantium et laboriosam. Tempore aut libero sequi pariatur. Velit est ea nihil quia repellat possimus accusamus accusantium. Minima laudantium ipsa ea.','1977-12-07 05:29:09','1978-06-16 13:20:20'),(76,76,'Sed repellendus sequi facilis eos deserunt sed. Dolores id quia et et dignissimos quia excepturi nihil. Debitis fuga mollitia sequi consectetur. Eum vel mollitia itaque recusandae.','1981-04-14 11:00:51','1979-02-02 09:45:29'),(77,77,'Eligendi quia laudantium quibusdam sed dolore nulla rem. Ex maxime nulla labore molestiae quibusdam consequatur. Sequi doloremque dolores voluptatem perferendis.','1997-12-15 15:35:41','1979-12-26 09:07:38'),(78,78,'Qui et similique quaerat. Non enim facere ullam architecto odio. Minima suscipit vel aut itaque accusantium.','1999-07-30 12:39:02','2019-12-26 23:55:08'),(79,79,'Dolores et impedit iusto debitis tenetur. Rerum cupiditate vel quidem velit incidunt accusantium omnis esse. Similique nihil delectus perferendis est et voluptas vero.','1970-01-06 14:40:24','1990-03-04 02:57:40'),(80,80,'Sed aut aut ut. Aliquam consequuntur quia et accusantium. Est perferendis hic culpa.','1979-04-09 23:00:55','2016-03-17 11:03:59'),(81,81,'Quasi ad sit laboriosam est eveniet enim aut. Est a libero alias itaque qui et. Cum aut non quibusdam fugiat. Veritatis commodi culpa blanditiis.','2012-02-23 15:31:47','2018-06-07 10:45:54'),(82,82,'At magni fugit tempore accusantium. Est voluptatem quasi sunt. Eos nihil libero sit suscipit ex.','2018-06-22 21:53:26','2003-01-25 06:52:18'),(83,83,'Quaerat aut dolor sapiente architecto explicabo velit. Dolore qui eius sequi fuga enim beatae sed.','2008-02-28 04:31:10','2005-06-09 01:34:09'),(84,84,'Sint esse et est quasi rem omnis possimus. Ducimus vero voluptatibus eos eaque. Enim veniam alias et.','1993-01-03 05:22:40','1971-04-23 08:44:36'),(85,85,'Molestiae minus ut autem laboriosam. Dignissimos sed et culpa veritatis. Laborum ad quidem dolorem et aspernatur est quasi. Perferendis iure temporibus porro omnis quo eveniet.','2015-08-11 06:57:53','2007-04-27 17:06:18'),(86,86,'Nesciunt distinctio voluptatum culpa ea qui. Blanditiis reprehenderit laboriosam quia adipisci fugiat. Et magnam qui eveniet dignissimos. Ipsam sunt ea voluptatem aliquid.','2014-05-26 09:40:43','1997-01-04 08:13:41'),(87,87,'Non a quas blanditiis quos est ut dolorum. Et minus maiores officiis id in eaque minus consectetur. Error quasi ducimus enim. Qui nemo et et et ut autem.','1972-09-24 01:13:29','2019-11-22 07:42:20'),(88,88,'Quaerat tenetur ab id. Dolorem sed a est voluptatem. Temporibus libero et ut saepe vero.','2006-02-03 18:34:17','2003-01-25 18:11:41'),(89,89,'Ut saepe est eos ipsa dignissimos similique. Voluptas non nobis velit impedit minima. Libero iusto aut commodi quas mollitia dignissimos. Minus omnis non doloremque.','2016-11-26 22:40:32','1994-11-28 02:35:17'),(90,90,'Quisquam repellendus nihil quibusdam molestias facere nesciunt. Ut et vel alias minima quo aut quas et. Odio ex et minima non ut natus omnis.','1986-12-01 21:29:27','1974-11-16 12:52:40'),(91,91,'Laborum quia ratione eum at. Laboriosam rem maxime architecto omnis ipsum laudantium. Dolor numquam repellendus optio beatae praesentium in nihil.','1990-01-28 09:58:39','1978-07-17 12:49:01'),(92,92,'Esse aliquid odit numquam reiciendis aut dolorum. Similique dolore quis neque velit ex est. Laboriosam cumque beatae voluptas dolorem nihil.','1974-09-06 13:06:57','2004-07-08 20:49:30'),(93,93,'Deserunt quia dignissimos fugiat saepe autem vero. Rerum labore ab rerum nobis voluptatum. Amet consectetur itaque porro consequatur.','1978-10-26 17:12:13','2008-08-29 02:05:11'),(94,94,'Perspiciatis sunt occaecati aliquid molestiae. Aliquam impedit ipsa vel nesciunt. Voluptate suscipit molestiae sed ut neque.','2016-08-24 01:10:22','1996-10-24 12:02:21'),(95,95,'Quos sed non voluptatibus nemo non aperiam quo. Et aliquam culpa eligendi non quos autem. In enim officiis velit sint iusto numquam.','2014-10-02 15:25:51','1990-02-17 04:33:58'),(96,96,'Dolorem dolores et vitae maxime. Velit recusandae voluptas in alias numquam mollitia distinctio. Temporibus veniam deserunt saepe repudiandae. Consequatur sequi qui temporibus.','2003-03-12 17:55:10','2014-06-20 11:08:59'),(97,97,'Eum ut eveniet ut consequatur omnis eligendi voluptatum harum. Sit atque sit quibusdam aut. Dolores illo non repudiandae iste quo. Sit facilis nesciunt autem in ratione cum voluptatem.','2011-06-09 13:35:06','1998-08-04 14:01:57'),(98,98,'Expedita consectetur asperiores magnam molestias sapiente. A perspiciatis aperiam temporibus eaque accusamus eum eius.','1992-07-01 11:59:34','1982-11-21 02:32:33'),(99,99,'Rerum non est et suscipit tempora enim. Repellendus doloremque magni ab modi quia eligendi. Facilis vitae et vitae perferendis sunt impedit. Nam illo fugit voluptatem excepturi voluptatem quia.','1972-08-24 13:45:52','2017-02-19 04:04:07'),(100,100,'Aut at quo voluptate suscipit velit sunt. Facere qui accusantium maiores similique non.','2009-06-09 01:48:18','1975-01-30 12:47:43');
/*!40000 ALTER TABLE `posts` ENABLE KEYS */;
UNLOCK TABLES;

--
-- Table structure for table `posts_likes`
--

DROP TABLE IF EXISTS `posts_likes`;
/*!40101 SET @saved_cs_client     = @@character_set_client */;
/*!40101 SET character_set_client = utf8 */;
CREATE TABLE `posts_likes` (
  `post_id` bigint(20) unsigned NOT NULL,
  `user_id` bigint(20) unsigned NOT NULL,
  `like_type` tinyint(1) DEFAULT 1,
  PRIMARY KEY (`post_id`,`user_id`),
  KEY `post_idx` (`post_id`),
  KEY `user_idx` (`user_id`),
  CONSTRAINT `posts_likes_fk` FOREIGN KEY (`post_id`) REFERENCES `posts` (`id`),
  CONSTRAINT `users_likes_fk` FOREIGN KEY (`user_id`) REFERENCES `users` (`id`)
) ENGINE=InnoDB DEFAULT CHARSET=utf8mb4 COLLATE=utf8mb4_unicode_ci;
/*!40101 SET character_set_client = @saved_cs_client */;

--
-- Dumping data for table `posts_likes`
--

LOCK TABLES `posts_likes` WRITE;
/*!40000 ALTER TABLE `posts_likes` DISABLE KEYS */;
INSERT INTO `posts_likes` VALUES (1,1,1),(2,2,1),(3,3,1),(4,4,1),(5,5,0),(6,6,0),(7,7,0),(8,8,1),(9,9,1),(10,10,1),(11,11,0),(12,12,0),(13,13,1),(14,14,1),(15,15,0),(16,16,1),(17,17,1),(18,18,1),(19,19,1),(20,20,0),(21,21,1),(22,22,1),(23,23,0),(24,24,1),(25,25,1),(26,26,1),(27,27,1),(28,28,1),(29,29,0),(30,30,0),(31,31,1),(32,32,0),(33,33,0),(34,34,0),(35,35,0),(36,36,1),(37,37,0),(38,38,0),(39,39,0),(40,40,1),(41,41,1),(42,42,1),(43,43,1),(44,44,0),(45,45,1),(46,46,1),(47,47,0),(48,48,1),(49,49,0),(50,50,0),(51,51,0),(52,52,0),(53,53,1),(54,54,1),(55,55,1),(56,56,1),(57,57,0),(58,58,0),(59,59,0),(60,60,0),(61,61,1),(62,62,0),(63,63,0),(64,64,1),(65,65,1),(66,66,0),(67,67,0),(68,68,0),(69,69,0),(70,70,0),(71,71,0),(72,72,0),(73,73,0),(74,74,1),(75,75,1),(76,76,1),(77,77,1),(78,78,0),(79,79,0),(80,80,0),(81,81,0),(82,82,1),(83,83,1),(84,84,1),(85,85,0),(86,86,0),(87,87,1),(88,88,0),(89,89,1),(90,90,1),(91,91,1),(92,92,0),(93,93,0),(94,94,0),(95,95,0),(96,96,1),(97,97,0),(98,98,1),(99,99,1),(100,100,0);
/*!40000 ALTER TABLE `posts_likes` ENABLE KEYS */;
UNLOCK TABLES;

--
-- Table structure for table `profiles`
--

DROP TABLE IF EXISTS `profiles`;
/*!40101 SET @saved_cs_client     = @@character_set_client */;
/*!40101 SET character_set_client = utf8 */;
CREATE TABLE `profiles` (
  `user_id` bigint(20) unsigned NOT NULL,
  `gender` enum('f','m','x') COLLATE utf8mb4_unicode_ci NOT NULL,
  `birthday` date NOT NULL,
  `photo_id` bigint(20) unsigned DEFAULT NULL,
  `user_status` varchar(30) COLLATE utf8mb4_unicode_ci DEFAULT NULL,
  `city` varchar(130) COLLATE utf8mb4_unicode_ci DEFAULT NULL,
  `country` varchar(130) COLLATE utf8mb4_unicode_ci DEFAULT NULL,
  PRIMARY KEY (`user_id`),
  UNIQUE KEY `photo_id` (`photo_id`),
  CONSTRAINT `fk_profiles_media` FOREIGN KEY (`photo_id`) REFERENCES `media` (`id`),
  CONSTRAINT `fk_profiles_users` FOREIGN KEY (`user_id`) REFERENCES `users` (`id`)
) ENGINE=InnoDB DEFAULT CHARSET=utf8mb4 COLLATE=utf8mb4_unicode_ci;
/*!40101 SET character_set_client = @saved_cs_client */;

--
-- Dumping data for table `profiles`
--

LOCK TABLES `profiles` WRITE;
/*!40000 ALTER TABLE `profiles` DISABLE KEYS */;
INSERT INTO `profiles` VALUES (1,'f','2006-01-19',1,'Placeat omnis reprehenderit qu','West Mayra','38'),(2,'f','2011-08-24',2,'Sequi omnis nobis possimus qui','Gutkowskimouth','50911914'),(3,'f','2001-07-04',3,'Temporibus voluptatem unde con','Yundtstad',''),(4,'f','2000-04-19',4,'Omnis est corporis et eligendi','Port Patienceville','583754950'),(5,'f','1988-01-14',5,'Consectetur asperiores volupta','Deckowton',''),(6,'f','1996-07-26',6,'Est impedit similique ea eius ','Maryseport','570982597'),(7,'f','2000-08-23',7,'Facere fuga velit recusandae e','South Claretown','9259'),(8,'f','1981-02-10',8,'Reiciendis in corporis quibusd','Ulisesview',''),(9,'x','2001-04-17',9,'Aut fugit sed omnis aliquam re','South Susannaside','971998'),(10,'x','2002-08-25',10,'Culpa et odit id quibusdam ill','West Arianna',''),(11,'f','1987-07-08',11,'Impedit veniam deserunt invent','Burdetteburgh','743'),(12,'x','1974-03-04',12,'Eum unde saepe iure sit. Exerc','North Marjorieside','8794'),(13,'f','2000-03-20',13,'Esse quod est deleniti quia am','South Myron','185510'),(14,'x','1974-12-23',14,'Excepturi nihil minus non offi','Lake Carmellafort','10'),(15,'f','2001-07-17',15,'Omnis omnis soluta repellat in','Quintenchester','808'),(16,'f','1990-01-23',16,'Omnis enim aliquid in est in. ','East Michael','5'),(17,'f','1982-07-08',17,'Rem et nostrum fugit similique','Colestad','408411398'),(18,'m','1991-10-17',18,'Qui recusandae est ut et sit. ','Lake Keiraport','584190805'),(19,'x','2002-10-17',19,'Nam autem architecto quas magn','Bahringerbury','7056837'),(20,'m','1975-03-30',20,'Nemo dolore error provident es','Heaneyfort','300'),(21,'x','1987-01-06',21,'Tempore sit et consequuntur. V','Sallyport',''),(22,'m','2001-08-31',22,'Similique dolores veritatis au','Justinefurt','2'),(23,'f','1982-04-30',23,'Recusandae vitae exercitatione','Ebbaland','465958'),(24,'f','2003-06-12',24,'Qui labore aut ipsa optio aut ','Ziemeside',''),(25,'f','2002-08-12',25,'Mollitia eos aut repellat sapi','Ephraimburgh','5394554'),(26,'f','1983-11-03',26,'Nam voluptatem dolorem velit t','North Augustland','716'),(27,'x','1979-02-06',27,'Odio nulla suscipit itaque. De','Port Lavernabury','2052'),(28,'m','2001-04-21',28,'Quo iste sit et est tempora. E','West Barney','299756014'),(29,'m','2000-04-11',29,'Odit hic eius sit voluptates e','O\'Connellside','2'),(30,'x','1980-08-16',30,'Sunt eveniet expedita distinct','New Bonita','28619'),(31,'x','1998-01-07',31,'Nisi laboriosam at magni. Et d','Rickeyfurt','237842693'),(32,'m','1991-01-10',32,'Et voluptates blanditiis volup','Keelingville','58609'),(33,'x','1970-05-25',33,'Ratione corporis adipisci a eo','North Cleveland','385'),(34,'x','1994-01-30',34,'Cupiditate saepe ratione aut i','New Eugeneside','117'),(35,'f','2001-08-23',35,'Dignissimos ea et tempora cupi','Angelicachester','795870'),(36,'m','2002-02-01',36,'Ut veritatis doloremque porro.','Russelport','9867'),(37,'x','1978-09-05',37,'Id est sunt voluptates explica','New Karlie','10'),(38,'x','2001-05-13',38,'Aspernatur nisi quibusdam et. ','North Cade','30943715'),(39,'m','2002-11-09',39,'Commodi fugit nesciunt est duc','East Jonas',''),(40,'f','1973-10-12',40,'Incidunt cupiditate ab aliquid','Dorotheahaven','9353481'),(41,'m','1995-09-24',41,'Occaecati inventore animi atqu','Biankamouth','96'),(42,'x','2004-11-18',42,'Nulla provident necessitatibus','Lake Justyn','3'),(43,'x','2001-08-26',43,'Architecto et omnis assumenda ','East Destinee','7'),(44,'m','1987-06-09',44,'Consequatur sint at in volupta','Pollichbury','69326'),(45,'f','1991-07-02',45,'Ex consequatur dolor molestiae','Ayanafort','806553'),(46,'f','2002-06-27',46,'Ducimus omnis labore enim ea u','Evangelinemouth',''),(47,'x','1988-12-19',47,'Aut alias reiciendis praesenti','Jessieville','616915831'),(48,'m','1986-05-16',48,'Aut mollitia omnis expedita qu','West Elysefort','8349'),(49,'f','2000-01-20',49,'Atque delectus inventore persp','North Olaftown',''),(50,'m','1970-07-09',50,'Fuga autem voluptatem cumque. ','Alectown','32297827'),(51,'f','2001-09-27',51,'Totam dicta corporis sed autem','Conroymouth','24215'),(52,'f','2003-02-15',52,'Quae tenetur porro voluptatem ','Baileyborough','62'),(53,'f','2012-06-15',53,'Facere amet optio nisi ipsum e','Goyetteport','1'),(54,'f','2000-06-30',54,'Enim nam ducimus maxime et cup','Victorbury','594183'),(55,'f','1972-11-07',55,'Cupiditate eveniet quis volupt','Nolantown','73426783'),(56,'m','2000-01-16',56,'Necessitatibus non ea repudian','Klockoshire',''),(57,'f','1974-07-23',57,'Exercitationem facere alias ne','East Blair','81284'),(58,'m','1974-01-05',58,'Error et ab suscipit eius. Max','Silasport','7496'),(59,'f','2001-05-07',59,'Qui et in corrupti dolorem lab','Billside','55877901'),(60,'m','2000-02-07',60,'Ipsa delectus facilis dolorem ','Wisozkville','626956'),(61,'f','1999-01-15',61,'Ut aut magni animi optio quia ','Adrianmouth','98424'),(62,'f','1992-09-27',62,'Et quia reprehenderit similiqu','West Jovany',''),(63,'f','1983-05-24',63,'Deserunt quod temporibus labor','South Allymouth','509223'),(64,'m','2000-06-01',64,'Et itaque ab adipisci enim. Sa','Nikkiborough','581730'),(65,'m','1976-08-29',65,'Dolor odit sit omnis voluptate','Wilkinsonville','813497'),(66,'x','1978-02-15',66,'Similique expedita sint fugiat','Hudsonfort','5020'),(67,'x','1970-02-15',67,'Animi sint asperiores ut dolor','South Alveramouth','5'),(68,'f','2000-07-10',68,'Eius sit labore tempore. Exerc','Port Madelynn','895319172'),(69,'x','1993-02-25',69,'Sunt omnis sit voluptates quib','Considinemouth','528630'),(70,'x','2001-03-11',70,'Ut est dignissimos harum cupid','New Leanne','97972156'),(71,'x','1977-07-22',71,'Nam pariatur omnis ex quo eum.','Welchburgh','937'),(72,'f','2001-04-12',72,'Magnam nisi est aut nulla. Ver','Lynchburgh','1098032'),(73,'m','1984-05-31',73,'Excepturi eos voluptate dolor ','East Madelynn','562'),(74,'m','1976-03-25',74,'Aliquid quia nulla consequuntu','Kautzerville','7'),(75,'x','2001-11-02',75,'Eos facilis maxime adipisci re','East Randiport','4674083'),(76,'x','1993-07-15',76,'Amet voluptate itaque reiciend','Salvatorebury','1'),(77,'m','2017-03-25',77,'Vel rem voluptas quo magni sun','Port Chyna','8380'),(78,'m','2005-04-10',78,'Voluptatum accusantium id enim','Yasmeenmouth','239539362'),(79,'m','1974-07-03',79,'Dolores neque nobis nesciunt f','North Joaniebury','59295'),(80,'m','2004-04-16',80,'Facere et enim nisi ad rerum. ','Treverport','9216'),(81,'m','2011-05-04',81,'Et deleniti maiores id. Ut odi','Mohrmouth','755'),(82,'f','1971-11-09',82,'Corrupti et sit quisquam ad. F','East Sienna',''),(83,'f','1998-11-11',83,'Odit vel architecto asperiores','Lindton','965995'),(84,'x','1990-07-31',84,'Nostrum rerum ex tenetur rem. ','Alishamouth','561152'),(85,'x','1993-12-20',85,'Assumenda et quia culpa occaec','Robertsport','7'),(86,'f','1999-01-21',86,'Accusantium exercitationem lib','Port Rosemariebury','358042'),(87,'x','1986-04-05',87,'Qui ut est eaque est nobis ut ','Brielletown','77470547'),(88,'m','1984-12-25',88,'Nihil impedit ut quas. Repella','East Kieltown','5'),(89,'m','1972-09-17',89,'Sed deleniti omnis autem aut c','South Jessport','1701'),(90,'x','1977-05-10',90,'In hic nihil repudiandae est n','West Isabell','33445'),(91,'m','1973-08-16',91,'Deleniti repudiandae enim ut q','Botsfordview','459483'),(92,'m','1983-10-22',92,'Vero inventore est expedita mo','Port Cheyennestad','4565'),(93,'f','2001-10-13',93,'Dolor minus rerum minus provid','Abshireland',''),(94,'m','1985-05-08',94,'Numquam quae voluptas est reru','Goldnertown','20519'),(95,'m','1987-10-10',95,'In harum voluptates nihil dolo','East Alena','208566'),(96,'m','1979-03-11',96,'Aperiam doloremque occaecati n','Mosesberg','5'),(97,'m','1991-07-28',97,'Repudiandae quo dicta deserunt','Rathton','87738647'),(98,'f','1977-05-22',98,'Aut sint dolore totam eaque. C','Lake Karinaton','17485337'),(99,'f','1992-11-14',99,'Nesciunt nemo rem est quidem u','Lake Eleanoreside','336404'),(100,'f','1974-09-18',100,'Sit suscipit nesciunt perferen','West Merleside','');
/*!40000 ALTER TABLE `profiles` ENABLE KEYS */;
UNLOCK TABLES;

--
-- Table structure for table `users`
--

DROP TABLE IF EXISTS `users`;
/*!40101 SET @saved_cs_client     = @@character_set_client */;
/*!40101 SET character_set_client = utf8 */;
CREATE TABLE `users` (
  `id` bigint(20) unsigned NOT NULL AUTO_INCREMENT,
  `first_name` varchar(145) COLLATE utf8mb4_unicode_ci NOT NULL,
  `last_name` varchar(145) COLLATE utf8mb4_unicode_ci NOT NULL,
  `email` varchar(145) COLLATE utf8mb4_unicode_ci NOT NULL,
  `phone` char(11) COLLATE utf8mb4_unicode_ci NOT NULL,
  `password_hash` char(65) COLLATE utf8mb4_unicode_ci DEFAULT NULL,
  `created_at` datetime NOT NULL DEFAULT current_timestamp(),
  PRIMARY KEY (`id`),
  UNIQUE KEY `email_idx` (`email`),
  UNIQUE KEY `phone_idx` (`phone`)
) ENGINE=InnoDB AUTO_INCREMENT=101 DEFAULT CHARSET=utf8mb4 COLLATE=utf8mb4_unicode_ci;
/*!40101 SET character_set_client = @saved_cs_client */;

--
-- Dumping data for table `users`
--

LOCK TABLES `users` WRITE;
/*!40000 ALTER TABLE `users` DISABLE KEYS */;
INSERT INTO `users` VALUES (1,'Ila','Schulist','cemmerich@example.net','+94(0)41453','e5c8d53b8d4a9d0d11eb3bd9e6dcd38b842d427f','2012-02-19 06:26:49'),(2,'Birdie','Zboncak','forrest81@example.org','(982)299-64','9e24a492e968db00fe0605f4befc7cd00faf9c76','2013-08-18 22:53:07'),(3,'Santina','Roberts','gerhold.eula@example.org','(911)358-26','ced83ab2aee2f4eee35649326678f8450879022e','2007-05-26 00:39:24'),(4,'Eric','Rowe','elroy.daniel@example.org','750-511-591','a23ae21f9a2590f6e3686ae49da08aa441a2c388','2009-08-14 00:12:13'),(5,'Lauryn','Koch','sgrady@example.com','(069)053-66','262d026ae15c78398ef39cdb06ab77d3e0a0c22c','2019-02-15 03:16:29'),(6,'Esta','Thompson','ldietrich@example.com','751.707.994','01e749c6ce98201e8be600548a34e55a6a1938fb','2008-03-27 18:58:58'),(7,'Loraine','Bailey','grady.adan@example.org','850-262-403','96c904e72979d448ee929c24ec3bb5818eb79c90','2011-06-27 17:37:39'),(8,'Stevie','Nader','kkovacek@example.net','1-777-133-5','9c31741ba7052c906d2b41175984cc00b4cd76a2','2006-06-29 04:21:18'),(9,'Lelia','Bogan','zwill@example.org','373.625.387','c49089c51d6fabdd8917f37f9ce1a890d3988487','2008-04-18 06:34:40'),(10,'Geo','Runte','ariane.huel@example.net','845-783-499','3814648b71c628dfd69ed91a406473883c21c63d','2012-06-06 10:11:13'),(11,'Anibal','Nolan','zcole@example.com','+78(2)22611','220250c3ea4b4d2fc12b13a33dd0dae8ddba4a8e','2013-01-12 03:49:19'),(12,'Adelle','Marvin','janessa.cole@example.org','+43(8)61877','7eccff8052b1ac7391c0d8bfa5b049ad48c6a84b','2013-05-12 13:48:12'),(13,'Madelyn','Schmidt','juanita75@example.com','388.350.609','2f24d31be4a530700771454d43cd43386017c793','2012-03-24 11:21:52'),(14,'Blanche','Gulgowski','sipes.herminia@example.com','(990)040-04','b2d909cdabf45488151b1adf2923438e5bf677d2','2009-01-08 14:43:58'),(15,'Dana','Braun','rodriguez.jany@example.org','(545)464-38','f970d5fc306d6ed0eb37ac05dfd98e6500b55e86','2013-10-17 16:44:48'),(16,'Emil','Bradtke','herman.lavonne@example.com','588.469.395','6f0c505d2e0415c21f2382e06e029ed23928220b','2019-04-04 00:36:34'),(17,'Kenyon','Lueilwitz','osinski.francis@example.org','09701528465','70278b7221ccf52dbf2281e353cf6c69d6e69573','2008-09-05 01:02:09'),(18,'Montana','Donnelly','gmedhurst@example.com','259.513.535','cc41c54c96809aed06c1d51f577feecff67d3284','1997-08-21 04:59:17'),(19,'Heaven','Parisian','arnoldo.vonrueden@example.org','660-324-454','50cf8993b4732207e3a22370275a4b93ce381838','2007-07-26 06:11:31'),(20,'Ali','Nienow','rahsaan57@example.org','(951)934-96','e739f065446e0d236bef7a9e1d2bb3f66c19bd11','2020-05-13 06:44:40'),(21,'Mayra','Schulist','pfeffer.oren@example.com','228-938-956','e300e718fe80bb9cc4006028e9367b7c1e4b2b7a','2011-05-09 21:05:55'),(22,'Josefina','Yundt','preston.parisian@example.org','02725753304','d4fc0478a76504bfb0e2e0ff326353c7e47cf73a','2018-10-27 05:35:23'),(23,'Merritt','Brekke','rowland72@example.net','+58(9)83359','219b4124432acdee0b530ae2a554da3f81888d2d','2019-05-09 18:30:01'),(24,'Dominic','Bartell','ymitchell@example.org','353-985-160','4c0232423caa08e7ea317dc83b1c691a43919688','2009-04-21 07:10:25'),(25,'Enos','Waelchi','vkuhic@example.net','(938)911-66','c56e25e321f1c0a3daa2e0092eb76db45228921e','2014-04-24 11:33:07'),(26,'Ubaldo','Trantow','fay.raphael@example.org','+33(1)33154','c16d6019de176665d6f0e99dbf61a4f63a7a96eb','2019-02-27 14:38:22'),(27,'Astrid','D\'Amore','christiana.wintheiser@example.net','(973)032-45','be9d870cc06095b9b39dfe9919ae297575e8af6e','2007-05-03 23:58:45'),(28,'Sammie','Predovic','armstrong.gunnar@example.org','+42(0)06472','0a744c981f66dd25d0bca48cfd3a14a41c08195e','2014-06-27 15:21:33'),(29,'Shad','Howell','gregg61@example.org','1-118-720-7','8585049507ead014e3bf7dfdb2cc0252ff5875e3','2009-11-09 22:13:02'),(30,'Mortimer','Will','colten.blanda@example.org','1-717-068-2','6122b87513eb17c1f7586acecbf545b98b35305e','2018-11-12 00:37:47'),(31,'Lupe','Leuschke','mellie86@example.net','1-818-920-0','3f762d9882a78a4b580ed745fdd527b3e5664817','2006-12-08 11:04:29'),(32,'Elliott','Huel','zieme.leon@example.org','466.078.582','ac1b5b3c6193c64fc83afde133e8d100f18b7575','2008-04-21 11:39:16'),(33,'Jared','Beer','hipolito94@example.org','632-575-711','71040c47d5aeafd738a528356b9a42be34534ccd','2021-01-31 20:23:53'),(34,'Melvin','Rogahn','conroy.stacy@example.com','1-659-762-6','4b86eab2b5d9f079bffa91a4623eee6becf9c592','2013-09-25 12:49:19'),(35,'Camilla','Fadel','zmayer@example.net','242-289-141','6fc5a6f7ea3e2f78e0a78fdaa0598615e8cada3b','2007-09-20 18:36:16'),(36,'Ashtyn','Friesen','damian61@example.org','1-658-887-5','919e32dfa44a2f0b3bd0daba36d678975d35a436','2006-08-26 17:09:11'),(37,'Sydnee','Gleason','johnson.brandyn@example.net','164.733.564','21a3e6f2ad59d798bb4441d7a8019fe8b2e05b85','2006-05-20 05:53:06'),(38,'Travis','Bednar','kuhlman.emory@example.net','204.626.127','fec084690969d8151054877bd63a4b03f952401d','2016-11-20 16:07:12'),(39,'Christop','VonRueden','lindsey40@example.com','(165)031-75','1aa244752ab7f8622eed5b17b31b4d983b9f43cc','2006-08-29 07:25:41'),(40,'Carolina','Morissette','feest.clarabelle@example.org','02952970769','39519f51197619172c1e55de98311b0ddcb1e3fd','2013-03-14 09:32:36'),(41,'Wendy','Kessler','emmerich.max@example.net','+09(5)81096','59259fa94620f9095f04539a86a1df090ad5613f','2012-03-16 21:54:17'),(42,'Crystal','Kiehn','marielle.luettgen@example.org','+33(5)67600','5e43bc28225f0e114513099b733168102ca52964','2006-01-19 14:54:39'),(43,'Jason','Langosh','santiago.ebert@example.net','540-309-876','d844c3d39b380509943b277557a7f9fb8812742a','2011-10-13 04:08:33'),(44,'Adela','Fay','cortez15@example.com','1-416-841-6','380922068e2ab824042c8c0381176d8560d2ec9c','2014-11-28 12:02:19'),(45,'Fay','Hills','jo\'connell@example.com','468.328.810','4777bcfe69137a1336ea8f7dcbbd6fafc75bd684','2014-07-07 10:26:42'),(46,'Dell','Stiedemann','schowalter.rhett@example.org','1-852-287-2','a45a2f618e284c6c48e848e8f6a225123c4683f1','2009-01-28 18:11:28'),(47,'Ewald','Keebler','aiyana87@example.org','02559096041','7fd517bb9a93da50ca051f081d89da82b5b1ab1a','2008-10-20 20:44:52'),(48,'Lavinia','Ortiz','npfeffer@example.com','962.974.555','5fa2ae81053cfe47e2bbf994fd3aca665be3df46','2017-06-10 09:04:44'),(49,'Wilhelm','Will','bethel48@example.com','768-246-849','a753d6525cc5081bc3eaa06641bd0b1d59327600','2013-05-29 06:52:18'),(50,'Doris','Rutherford','schultz.jayne@example.com','1-921-227-9','f8db70c12e302c30c5f4a73439019ab4e189a0c9','2013-06-14 05:17:17'),(51,'Agnes','Kovacek','heathcote.fannie@example.net','(466)852-25','a386ac6aa021848e8b02cdb037131bc8b4345170','2016-12-11 21:34:05'),(52,'Lola','Paucek','stanton.rozella@example.org','838.670.057','bdaa0ad4276b10253ab381846e9374842ff17ad0','2015-04-10 04:32:03'),(53,'Maxine','O\'Connell','satterfield.vivienne@example.net','+98(5)51881','f686e607a21235fa4411e26bc50e73410ce48bca','2019-06-19 05:16:37'),(54,'Vivien','Walter','gino97@example.org','1-184-779-0','d0975e9ce2da17c05d583c9b70196e6295aa4403','2015-06-12 07:35:16'),(55,'Kylee','Marvin','damaris07@example.org','035-924-111','2bc40f94c0aab7c58607c592f87876e6e0923d92','2012-02-10 02:45:46'),(56,'Adah','West','abigale20@example.net','(118)790-20','e95cbfcf5b9b329ecef5affa0d8958e3f7e532c8','2014-01-21 12:18:49'),(57,'Hiram','Heathcote','hollie12@example.net','1-799-188-7','831539a12145c681a3d5bbf551c2e64ee4f2d9f0','2010-03-16 23:27:27'),(58,'Camylle','Tillman','bessie28@example.org','971.914.460','67f203f2f05ebb2976beef49eec7fb6644ea8a86','2009-07-01 17:09:52'),(59,'Verda','Will','niko18@example.net','1-405-469-2','7f0757d8ffa4e230855287c40bfec9511339a024','2011-11-02 22:06:22'),(60,'Ed','McKenzie','rstark@example.com','+79(5)10331','7a29c41cf61e9d796c3524f0d741fd9f5e351e8d','2010-07-20 07:20:30'),(61,'Catherine','Altenwerth','amara.glover@example.com','(904)923-38','3e1ea0704743cdb07e155f149bf5628cc6ef4211','2020-11-19 01:16:15'),(62,'Estelle','Jakubowski','gaston26@example.net','147.153.193','578d85c1151cbd96bc3552046edd2f07ba8334fe','2008-01-25 11:12:19'),(63,'Floyd','Renner','schinner.paolo@example.com','445-444-926','6de5a7742c2aa542777507cfd8324cdb15ec2c51','2009-06-05 20:43:45'),(64,'Candido','Mohr','rubie67@example.org','553-824-814','ae97fab32497f73f9714a584ae9a49f3dbcdc5c5','2013-10-04 07:37:38'),(65,'Walter','Dietrich','jennyfer.goldner@example.net','385-317-853','3a3b10e34644c8e17d941f026b4032ab59891f66','2008-02-14 00:59:57'),(66,'Jaeden','Wilkinson','habshire@example.com','1-908-038-5','b0eb1a30cdb27b4c70c3f6576a431ee3abd2b366','2010-09-10 15:00:44'),(67,'Rodrigo','Baumbach','lavon80@example.org','1-042-984-6','95a175956a5da67f88602cf22cdb85beaca75b84','1974-12-19 18:36:06'),(68,'Fabian','Dickinson','bode.ronny@example.net','974.105.604','f82d830d87d45fb90e7f00d8b8a97ff79aed5c88','1981-02-14 03:08:55'),(69,'Golda','Frami','lockman.sylvia@example.com','174-238-274','e4c8fa699a23b9533c22ce339459d54b85abdb79','1992-11-22 04:19:47'),(70,'Norene','Sanford','rwilliamson@example.net','943.012.745','7c2904c26c0fa06a7e055fa1da9aaf1c5b2cfa42','2005-03-19 15:08:48'),(71,'Nathaniel','Veum','wiza.alverta@example.net','629.276.182','1de4c571ec0ceeeeb085fd3881a560ca723b388a','2005-06-07 20:38:56'),(72,'Jimmie','Cole','charles.bechtelar@example.com','954.857.117','47f12070dd052dcd6cd69164afb1b802915a0ff6','1974-01-17 14:05:37'),(73,'Alf','Mosciski','lonny.larson@example.com','117.797.962','1f28163b5edd4bbb8f0939ccb2a05ba37151084a','2012-05-03 15:48:12'),(74,'Helga','Breitenberg','nspencer@example.com','289-439-190','8a67aebd5e51a8d193f0c2490a2eaa9c54532ca9','1995-03-10 15:08:01'),(75,'Hyman','Aufderhar','froberts@example.com','1-996-180-9','aec39d2472b9bf5a935037ade4e93053a48f9647','1975-07-20 03:18:00'),(76,'Nat','O\'Keefe','beverly.sanford@example.net','(724)609-51','b3ddc437d96719b79e0a5c4aeae2f354e8d1c979','1983-06-30 23:56:27'),(77,'Esperanza','Ebert','dasia90@example.net','521.423.438','6f15fd064a56fb5fe5ac594b5c8ac77a10d95b65','1987-07-14 15:40:48'),(78,'Efren','Glover','yadams@example.org','(500)330-68','f1373f78f841818d8f6280cf5a790b256ec0e965','1976-12-14 19:49:27'),(79,'Brandy','Grimes','ward95@example.com','1-563-030-3','02ce37caf198ecf70c84340e813859287c363303','2020-07-15 00:02:35'),(80,'Drew','Hahn','tyrese.langworth@example.org','423-571-713','62bc5594f170a91ae4bc9cd08a925587e2b1d8a3','2017-09-17 00:29:15'),(81,'Naomie','Kihn','dlueilwitz@example.net','1-019-872-8','53b6ef1c209d34c31f3d884b15c4b612de6a5799','2018-09-04 11:33:43'),(82,'Destini','Heathcote','rosendo30@example.com','+34(7)63016','253d6ed8d18b45157fea88dc427da202ea78100d','2012-01-16 16:26:57'),(83,'Stephon','Johnston','edmund.heller@example.org','451-657-629','f45c44cb525f85b5797b67ec2c8e14cde10353fb','2010-01-04 10:51:07'),(84,'Calista','Sauer','gleason.autumn@example.org','818.152.585','5939b62ecebf4a03143601817e52b92f650fae5c','2014-12-24 15:22:13'),(85,'Ludie','Tremblay','vernice64@example.net','218-868-796','cdddbf347969a5e00e233aab5be38754e0e1fa51','2019-10-14 12:07:20'),(86,'Camille','Hegmann','raul.gibson@example.org','(960)266-61','6af4af135f4b5a785ffe79d45ea262fca547a4f1','2012-04-26 10:12:50'),(87,'Rodolfo','Pagac','kilback.santino@example.org','482.099.827','6e1b533adbaca8464b92c18d6b703195d19ab35f','2015-04-03 00:59:01'),(88,'Delpha','Smith','hershel.vandervort@example.net','114.864.833','aa2c2f5e296344ec4c3272af072fcc3773e1c102','2077-08-16 23:03:04'),(89,'Jannie','Cassin','ashleigh57@example.net','286-580-555','f1db6fa172874c00c341c2bab24097b7a6dfe97b','2005-06-15 16:17:08'),(90,'Erika','Stroman','ernser.kristopher@example.org','277-564-518','bc8b2c753af9aeb0706f385f18ba9e4de1493586','2020-09-05 18:56:43'),(91,'Sydney','Flatley','olen64@example.com','01573431054','e20d9148bb6bcf3b6762c7079895582c095139a0','2017-04-18 08:20:45'),(92,'Stan','Hackett','hoppe.dorothy@example.org','08518211575','065d9ec5c26d22dace6114481a5043c158bc97b6','2012-03-26 20:13:51'),(93,'Betty','Shields','lhowe@example.org','09904114269','2c5cf49aabe3630ad853049dffe8857186109a98','2017-11-04 10:10:40'),(94,'Christophe','Effertz','pmcclure@example.com','04921570083','7ae6d47775bdb7722e4985da834cfabc2cd491b8','2005-07-13 05:41:20'),(95,'Cornell','Strosin','marianne.douglas@example.net','(410)739-21','428ca557a2ff26566a4dfde40fc78733aa3d40e7','2007-03-14 03:08:36'),(96,'Viva','Rowe','eloy.cartwright@example.net','(383)425-91','cfd58490b522b91ccf49201310cf75293851133b','2020-09-14 20:54:00'),(97,'Tyshawn','Boyle','halvorson.sydney@example.org','(586)961-94','caa3947ca76286d073f33d0beb88f81cdae03cc9','2011-10-12 12:40:08'),(98,'Sylvester','Lemke','twuckert@example.org','705.822.459','9b7b2c8ffdb219ec5b74a72145b4587d1f811368','2011-08-30 02:16:52'),(99,'Clotilde','Mante','laverna38@example.org','1-106-755-2','4f6dd34fb9c12a73d842d665bfb75eb7fcb5a6b4','2013-11-06 12:30:08'),(100,'Bailey','Lindgren','mccullough.guadalupe@example.com','1-228-895-5','3c839069c9ca77d73e26125986f3ce03ac2736c6','2010-06-12 17:47:47');
/*!40000 ALTER TABLE `users` ENABLE KEYS */;
UNLOCK TABLES;
/*!40103 SET TIME_ZONE=@OLD_TIME_ZONE */;

/*!40101 SET SQL_MODE=@OLD_SQL_MODE */;
/*!40014 SET FOREIGN_KEY_CHECKS=@OLD_FOREIGN_KEY_CHECKS */;
/*!40014 SET UNIQUE_CHECKS=@OLD_UNIQUE_CHECKS */;
/*!40101 SET CHARACTER_SET_CLIENT=@OLD_CHARACTER_SET_CLIENT */;
/*!40101 SET CHARACTER_SET_RESULTS=@OLD_CHARACTER_SET_RESULTS */;
/*!40101 SET COLLATION_CONNECTION=@OLD_COLLATION_CONNECTION */;
/*!40111 SET SQL_NOTES=@OLD_SQL_NOTES */;

-- Dump completed on 2021-04-02 20:00:18
